id,description,alternativeDescription,city,province,cap,address,phone,piva,contributionStart,mail,company_id
3081,AICCRE,,NULL,NULL,,,,NULL,NULL,NULL,1902
3082,"CONAD OLEVANO ROMANO",,NULL,NULL,,,,NULL,NULL,NULL,1903
3083,"AS ROMA SRL",,NULL,NULL,,,,NULL,NULL,NULL,1904
3084,ABACO,,NULL,NULL,,,,NULL,NULL,NULL,1905
3085,"ACCOR HOSPITALITY ITALIA",,NULL,NULL,,,,NULL,NULL,NULL,1906
3086,ACLI,,NULL,NULL,,,,NULL,NULL,NULL,1907
3087,"ACQUA E TERME DI FIUGGI S.P.A.",,Fiuggi,Frosinone,,,,,NULL,,1908
3088,"US ACLI",,NULL,NULL,,,,NULL,NULL,NULL,1909
3089,"ADLER SYSTEM",,NULL,NULL,,,,NULL,NULL,NULL,1910
3090,"ADMIRAL PAY SRL",,NULL,NULL,,,,NULL,NULL,NULL,1911
3091,"ADR INTERNATIONAL SRL - CIVITAVECCHIA",,Civitavecchia,Roma,,,,,NULL,,1912
3092,"AEQUA ROMA S.P.A.",,NULL,NULL,,,,NULL,NULL,NULL,1913
3093,"AGRI RETE SERVICE SOC COOP",,NULL,NULL,,,,NULL,NULL,NULL,1914
3094,"RISPARMIO CASA",,NULL,NULL,,,,NULL,NULL,NULL,1915
3095,"ALBA SRL",,"Trevignano Romano",Roma,00069,"VIALE G. GARIBALDI 141",,10966651001,NULL,,1916
3096,"ALES SPA - PARCO ARCHEOLOGICO DEL COLOSSEO",,Roma,Roma,,,,,NULL,,1917
3097,"ALES SPA - CASTEL SANT'ANGELO",,Roma,Roma,,,,,NULL,,1917
3098,"ALES SPA - UFFICI ALES",,NULL,NULL,,,,NULL,NULL,NULL,1917
3099,"ALES SPA - DIREZ. REG. MUSEI",,Roma,Roma,,,,,NULL,,1917
3100,"ALES SPA - PANTHEON",,Roma,Roma,,,,,NULL,,1917
3101,"ALES SPA - UFFICI MIN. PNRR",,NULL,NULL,,,,NULL,NULL,NULL,1917
3102,"ALES SPA - SEGR.DIR.MINISTRO",,NULL,NULL,,,,NULL,NULL,NULL,1917
3103,"ALES STORE",,Roma,Roma,,,,,NULL,,1918
3104,"ALFANI CERAMICHE - CIVITAVECCHIA",,Civitavecchia,Roma,,,,,NULL,,1919
3105,ALIANTE,,NULL,NULL,,,,NULL,NULL,NULL,1920
3106,ALICAM,,NULL,NULL,,,,NULL,NULL,NULL,1921
3107,"ALICE NOVA - CIVITAVECCHIA",,Civitavecchia,Roma,,,,,NULL,,1922
3108,"ALIEN TT ITALY",,NULL,NULL,,,,NULL,NULL,NULL,1923
3109,"ALLIANCE HEALTHCARE",,NULL,NULL,,,,NULL,NULL,NULL,1924
3110,"ALLSTAR SRL",,Roma,Roma,,,,,NULL,,1925
3111,"ALOSYS COMUNICATIONS",,NULL,NULL,,,,NULL,NULL,NULL,1926
3112,"ALPHABET ITALIA FLEET MANAGEMENT S.P.A.",,NULL,NULL,,,,NULL,NULL,NULL,1927
3113,"AMERICAN EXP. S.E.L.",,Roma,Roma,,,,,NULL,laura.nurra@aexp.com,1928
3114,"AMPOLIFON ITALIA",,NULL,NULL,,,,NULL,NULL,NULL,1929
3115,AMREF,,NULL,NULL,,,,NULL,NULL,NULL,1930
3116,"ANGEL SAT VIGILANZA",,NULL,NULL,,,,NULL,NULL,NULL,1931
3117,"ANMIL SRL",,NULL,NULL,,,,NULL,NULL,NULL,1932
3118,"AON (AON ADVISORY AND SOLUTIONS S.R.L.)",,NULL,NULL,,,,NULL,NULL,NULL,1933
3119,AON,,NULL,NULL,,,,NULL,NULL,NULL,1934
3120,"APPLE EUROMA 2",,Roma,Roma,,,,,NULL,,1935
3121,"APPLE VIA DEL CORSO",,Roma,Roma,,,,,NULL,,1935
3122,APR,,NULL,NULL,,,,NULL,NULL,NULL,1936
3123,"CASTEL FIDARDO",,NULL,NULL,,,,NULL,NULL,NULL,1937
3124,"ARCOBALENO SOC.COOP",,NULL,NULL,,,,NULL,NULL,NULL,1938
3125,"ARES SRL",,NULL,NULL,,,,NULL,NULL,NULL,1939
3126,"ARGO (RECEPTION)",,NULL,NULL,,,,NULL,NULL,NULL,1940
3127,ARGO,,Pomezia,Roma,00040,"Via Pontina Vecchia, km 31,300",,,NULL,,1941
3128,"MC STURZO",,Roma,Roma,,,,,NULL,it-00003@restaurant.it.mcd.com,1942
3129,"MC TRE FONTANE",,NULL,NULL,,,,NULL,NULL,NULL,1942
3130,"MC PARCHI COLOMBO",,NULL,NULL,,,,NULL,NULL,NULL,1942
3131,"MC EUROMA 2",,NULL,NULL,,,,NULL,NULL,NULL,1942
3132,ARNABOLDI,,NULL,NULL,,,,NULL,NULL,NULL,1943
3133,"AROMATIKA S.R.L.",,NULL,NULL,,,,NULL,NULL,NULL,1944
3134,ARTATTACK,,NULL,NULL,,,,NULL,NULL,NULL,1945
3135,CHICCO,,NULL,NULL,,,,NULL,NULL,NULL,1946
3136,"ASA SERVIZI",,NULL,NULL,,,,NULL,NULL,NULL,1947
3137,ASSET,,NULL,NULL,,,,NULL,NULL,NULL,1948
3138,ADOC,,NULL,NULL,,,,NULL,NULL,NULL,1949
3139,"ASTER VIGILANZA",,NULL,NULL,,,,NULL,NULL,NULL,1950
3140,"MC POMEZIA CASTELLI",,NULL,NULL,,,,NULL,NULL,NULL,1951
3141,"MC POMEZIA",,NULL,NULL,,,,NULL,NULL,NULL,1951
3142,"AUTHENTICA SPA",,Roma,Roma,,,,,NULL,,1952
3143,"AUTOGRILL CASILINA EST",,Castrocielo,Frosinone,,,,,NULL,,1953
3144,"AUTOGRILL CASILINA OVEST",,Frosinone,Frosinone,,,,,NULL,,1953
3145,"TIRRENO OVEST",,Roma,Roma,,,,,NULL,,1953
3146,"AUTOGRILL FLAMINIA EST",,Roma,Roma,,,,,NULL,,1953
3147,"AUTOGRILL FLAMINIA OVEST",,Roma,Roma,,,,,NULL,,1953
3148,"AUTOGRILL MACCHIA OVEST",,Frosinone,Frosinone,,,,,NULL,,1953
3149,"COLLE TASSO SUD",,Roma,Roma,,,,,NULL,,1953
3150,"PRENESTINA OVEST",,Roma,Roma,,,,,NULL,,1953
3151,"AUTOGRILL MACCHIA EST",,Frosinone,Frosinone,,,,,NULL,,1953
3152,"SETTEBAGNI INTERNA",,Roma,Roma,,,,,NULL,,1953
3153,"PRENESTINA EST",,Roma,Roma,,,,,NULL,,1953
3154,"APT ROMA FIUMICINO",,Fiumicino,Roma,,,,,NULL,,1954
3155,"AUTOGRILL TERMINI",,Roma,Roma,,,,,NULL,,1954
3156,"FIUMICINO AVANCORPO T3",,NULL,NULL,,,,NULL,NULL,NULL,1954
3157,"APT ROMA FCO EX CISIM",,NULL,NULL,,,,NULL,NULL,NULL,1954
3158,"AUTOGRILL PORTA DI ROMA",,NULL,NULL,,,,NULL,NULL,NULL,1954
3159,"AUTOGRILL CASTELROMANO",,NULL,NULL,,,,NULL,NULL,NULL,1954
3160,"APT ROMA FCO SATELLI",,NULL,NULL,,,,NULL,NULL,NULL,1954
3161,"AUTOGRILL ROMA FIUMICINO",,NULL,NULL,,,,NULL,NULL,NULL,1954
3162,"AUTONOMO ROT.A",,Roma,Roma,,,,,NULL,,1955
3163,"AUTONOMO ROT.B",,Roma,Roma,,,,,NULL,,1956
3164,"AUTONOMO ROT.C",,Roma,Roma,,,,,NULL,,1957
3165,"AUTONOMO ROT. INTEGRATIVA",,Roma,Roma,,,,,NULL,,1958
3166,"AUTOSERVIZI CASTELLO",,NULL,NULL,,,,NULL,NULL,NULL,1959
3167,"AXITEA SPA",,Roma,Roma,,,,,NULL,,1960
3168,A.P.M.,,NULL,NULL,,,,NULL,NULL,NULL,1961
3169,ASP-CIAMPINO,,Roma,Roma,,,,,NULL,,1962
3170,"FARMACIA SAN CESAREO",,NULL,NULL,,,,NULL,NULL,NULL,1962
3171,"HOTEL MASSIMO D'AZEGLIO",,NULL,NULL,,,,NULL,NULL,NULL,1963
3172,"HOTEL BAGLIONI",,Roma,Roma,,,,,NULL,,1964
3173,"BAR BANQUETING SRL",,NULL,NULL,,,,NULL,NULL,NULL,1965
3174,"BARANES SRL",,NULL,NULL,,,,NULL,NULL,NULL,1966
3175,"BATTISTOLLI SERVIZI INTEGRATI SRL",,Roma,Roma,,,,,NULL,,1967
3176,BAW,,NULL,NULL,,,,NULL,NULL,NULL,1968
3177,"BIALETTI - ROMA EST",,NULL,NULL,,,,NULL,NULL,NULL,1969
3178,"BIORISTORO ITALIA S.R.L.",,Roma,Roma,,,,,NULL,,1970
3179,BIOS,,NULL,NULL,,,,NULL,NULL,NULL,1971
3180,"BLUE LION FOOD",,NULL,NULL,,,,NULL,NULL,NULL,1972
3181,"BMW ITALIA",,NULL,NULL,,,,NULL,NULL,NULL,1973
3182,"BMW ROMA",,NULL,NULL,,,,NULL,NULL,NULL,1974
3183,BOLDPAGE,,NULL,NULL,,,,NULL,NULL,NULL,1975
3184,"RM PORTA PORTESE",,NULL,NULL,,,,NULL,NULL,NULL,1976
3185,"BREAK & LUNCH S.R.L.",,Frosinone,Frosinone,,,,,NULL,,1977
3186,"BTV SPA",,Roma,Roma,,,,,NULL,ROMA.TRASPORTI@BATTISTOLLI.IT,1978
3187,"URBE VIGILANZA S.P.A. (BTV S.P.A.)",,NULL,NULL,,,,NULL,NULL,NULL,1978
3188,"BTV FROSINONE",,Frosinone,Frosinone,,,,,NULL,,1979
3189,"CONBIPEL ROMA PRATI 2060",,Roma,Roma,,,,,NULL,,1980
3190,"BURBERRY ITALY S.R.L.",,Roma,Roma,,,,,NULL,,1981
3191,"BURGER ROMA S.R.L.",,NULL,NULL,,,,NULL,NULL,NULL,1982
3192,"BURGER KING GRAN ROMA",,NULL,NULL,,,,NULL,NULL,NULL,1983
3193,"BURGERKING FRATTOCCHIE",,Roma,Roma,,,,,NULL,,1983
3194,"BURGER KING CASILINA",,NULL,NULL,,,,NULL,NULL,NULL,1983
3195,"BURGER KING CIAMPINO",,NULL,NULL,,,,NULL,NULL,NULL,1983
3196,"BURGER KING FOSSO SANTA MAURA",,NULL,NULL,,,,NULL,NULL,NULL,1983
3197,"BUSINESS SERVICE SRL",,Roma,Roma,,,,,NULL,,1984
3198,"C.I.R. SCUOLA ULPIO TRAIANO",,NULL,NULL,,,,NULL,NULL,NULL,1985
3199,"C.I.R. X MUNICIPIO",,Roma,Roma,,,,,NULL,,1985
3200,"C.I.R. FOOD",,NULL,NULL,,,,NULL,NULL,NULL,1985
3201,"C.I.R. FOOD INPS BALLARIN",,NULL,NULL,,,,NULL,NULL,NULL,1985
3202,"C.I.R. SCUOLA IL POGGIO",,NULL,NULL,,,,NULL,NULL,NULL,1985
3203,"CIR MENSA SCUOLA MIRO'",,Roma,Roma,,,,,NULL,,1985
3204,"CIR S. PALOMBA",,NULL,NULL,,,,NULL,NULL,NULL,1985
3205,"C.I.R. CONSIGLIO REGIONE LAZIO",,NULL,NULL,,,,NULL,NULL,NULL,1985
3206,"CIR FOOD AUTOSTRADE",,NULL,NULL,,,,NULL,NULL,NULL,1985
3207,"CIR FOOD POMEZIA",,NULL,NULL,,,,NULL,NULL,NULL,1985
3208,"CIR FOOD CS FREGENE",,NULL,NULL,,,,NULL,NULL,NULL,1985
3209,"HOTEL RITZ",,Roma,Roma,,,,,NULL,,1986
3210,"SMA CORSICA",,NULL,NULL,,,,NULL,NULL,NULL,1987
3211,"C.M. SERVICE SRL",,Roma,Roma,,,,,NULL,,1988
3212,C.N.A.,,Roma,Roma,,,,,NULL,,1989
3213,"C.R. MARKET S.P.A.",,NULL,NULL,,,,NULL,NULL,NULL,1990
3214,C.W.G.C.,,Roma,Roma,,,,,NULL,,1991
3215,CADIPROF,,NULL,NULL,,,,NULL,NULL,NULL,1992
3216,"CADIS SRL - ACILIA",,NULL,NULL,,,,NULL,NULL,NULL,1993
3217,"CAERGEST - CARREFOUR LADISPOLI (CIVITAVECCHIA)",,Ladispoli,Roma,,,,,NULL,,1994
3218,CAFILA,,NULL,NULL,,,,NULL,NULL,NULL,1995
3219,"INTIMISSIMI FIUMICINO",,Fiumicino,Roma,00054,"VIA F. DE ANDRE' 15",0665488729,,NULL,,1996
3220,"RM GIANICOLENSE",,Roma,Roma,,,,,NULL,,1997
3221,"RM TUSCOLANA",,Roma,Roma,,,,,NULL,,1997
3222,"RM PONZIO COMINIO",,NULL,NULL,,,,NULL,NULL,NULL,1997
3223,"CAMST SOC.COOP",,Roma,Roma,,,,,NULL,,1998
3224,"CAPITALE LAVORO S.P.A.",,Roma,Roma,,,,,NULL,,1999
3225,"CARLSON WAGONLIT",,NULL,NULL,,,,NULL,NULL,NULL,2000
3226,"DEM CAVE",,Cave,Roma,,,,,NULL,cave@supermercatidem.it,2001
3227,"CONAD LE CLERC",,NULL,NULL,,,,NULL,NULL,NULL,2002
3228,CE.PAS,,NULL,NULL,,,,NULL,NULL,NULL,2003
3229,"C.A.F. UIL",,Roma,Roma,,,,,NULL,,2004
3230,"CENTRO PERIZIE LIQUIDATIVE",,Frosinone,Frosinone,,,,,NULL,,2005
3231,"CERBA HEALT CARE ITALIA S.R.L",,Roma,Roma,,,,,NULL,,2006
3232,"CEVA LOGISTICS",,NULL,NULL,,,,NULL,NULL,NULL,2007
3233,"CHEF EXPRESS FERONIA",,NULL,NULL,,,,NULL,NULL,NULL,2008
3234,"ADS CHIENTI",,NULL,NULL,,,,NULL,NULL,NULL,2008
3235,"CHEF EXPRESS FRASCATI",,NULL,NULL,,,,NULL,NULL,NULL,2008
3236,"CHEF EXPRESS TUSCOLANA",,NULL,NULL,,,,NULL,NULL,NULL,2008
3237,"CHEF EXPRESS TEVERE",,NULL,NULL,,,,NULL,NULL,NULL,2008
3238,"CHEF TIRRENO OVEST",,NULL,NULL,,,,NULL,NULL,NULL,2008
3239,"ADS FOGLIA EST",,NULL,NULL,,,,NULL,NULL,NULL,2008
3240,"ADS VOMANO",,NULL,NULL,,,,NULL,NULL,NULL,2008
3241,"CHEF EXP.TERMINI",,Roma,Roma,,,,,NULL,alessio.fava@cremonini.com,2009
3242,"PANELLA GEMELLI",,Roma,Roma,,,,,NULL,,2009
3243,"CHEF EXPRESS APT. FIUMICINO",,Fiumicino,Roma,,,,,NULL,ufficiopersonale-fiumicino.aeroporto@chefexpress.it,2009
3244,"CHEF EXP.TIBURTINA",,Roma,Roma,,,,,NULL,it-01033@restaurant.it.mcd.com,2009
3245,"ADS MAGLIANA",,NULL,NULL,,,,NULL,NULL,NULL,2009
3246,"ADS ARDEATINA",,Roma,Roma,,,,,NULL,ads.ardeatina@cremonini.com,2009
3247,"CHEF EXPRESS APT.CIAMPINO",,Ciampino,Roma,,,,,NULL,buffet.ciampino@cremonini.com,2009
3248,"MC REGINA MARGHERITA",,NULL,NULL,,,,NULL,NULL,NULL,2010
3249,"MC TIBURTINA CAVALLARI",,Roma,Roma,,,,,NULL,,2010
3250,"MC TIBURTINA DE PAOLIS",,Roma,Roma,,,,,NULL,,2010
3251,"MC MIRTI",,NULL,NULL,,,,NULL,NULL,NULL,2010
3252,"MC TOR PIGNATTARA",,Roma,Roma,,,,,NULL,,2010
3253,"CILIS SCARL",,NULL,NULL,,,,NULL,NULL,NULL,2011
3254,"CIMAS SPA",,NULL,NULL,,,,NULL,NULL,NULL,2012
3255,CISALFA,,NULL,NULL,,,,NULL,NULL,NULL,2013
3256,"CIVITASTORE SRL (CIVITAVECCHIA)",,Civitavecchia,Roma,,,,,NULL,,2014
3257,"C.S.P. S.r.l.",,NULL,NULL,,,,NULL,NULL,NULL,2015
3258,"CLARANET S.R.L.",,NULL,NULL,,,,NULL,NULL,NULL,2016
3259,"CLEAN SYSTEM",,Frosinone,Frosinone,,,,,NULL,,2017
3260,"CONAD TITO",,NULL,NULL,,,,NULL,NULL,NULL,2018
3261,"COIN CINECITTA' 2",,Roma,Roma,,,,,NULL,576d@coin.it,2019
3262,"COIN S.GIOVANNI",,NULL,NULL,,,,NULL,NULL,NULL,2019
3263,"COIN TERMINI",,Roma,Roma,,,,,NULL,1569d@coin.it,2019
3264,"COIN LUNGHEZZA",,NULL,NULL,,,,,NULL,8089f@coin.it,2019
3265,"COLSER SERVIZI SRL",,NULL,NULL,,,,NULL,NULL,NULL,2020
3266,"COMFER S.R.L.",,NULL,NULL,,,,NULL,NULL,NULL,2021
3267,COMIFAR,,NULL,NULL,,,,NULL,NULL,NULL,2022
3268,"COMMUNIA SERVICE SRL",,NULL,NULL,,,,NULL,NULL,NULL,2023
3269,"BATA VIALE MARCONI",,NULL,NULL,,,,NULL,NULL,NULL,2024
3270,"COMPASS (Civitavecchia)",,NULL,NULL,,,,NULL,NULL,NULL,2025
3271,"COMPASS GROUP",,Roma,Roma,,,,,NULL,,2026
3272,"COMPASS MILANO",,NULL,NULL,,,,NULL,NULL,NULL,2026
3273,"COMPASS MONTESSORI",,NULL,NULL,,,,NULL,NULL,NULL,2026
3274,"P.ZZA MONTECITORIO",,NULL,NULL,,,,NULL,NULL,NULL,2026
3275,"CON. FID.",,NULL,NULL,,,,NULL,NULL,NULL,2027
3276,"COND. LE VILLE DI MARCO",,NULL,NULL,,,,NULL,NULL,NULL,2028
3277,"L'ASSUNTA RSA (CIVITAVECCHIA)",,Civitavecchia,Roma,,,,,NULL,,2029
3278,"CONGREGAZIONE BENEDETTINE SUORE RIPARATRICI DEL SANTO VOLTO RSA (CIVITAVECCHIA)",,Civitavecchia,Roma,,,,,NULL,,2030
3279,"SUORE OSPEDALIERE DELLA MISERICORDIA (CIVITAVECCHIA)",,Civitavecchia,Roma,,,,,NULL,,2031
3280,"CONSORZIO OLGIATA",,NULL,NULL,,,,NULL,NULL,NULL,2032
3281,"CONS. STABILE I.A.S.",,NULL,NULL,,,,NULL,NULL,NULL,2033
3282,CONSULFIN,,NULL,NULL,,,,NULL,NULL,NULL,2034
3283,"CONTROLPOL SRL",,Frosinone,Frosinone,,,,,NULL,,2035
3284,"COOP. SOCIALE CASA COMUNE 2000 ONLUS",,NULL,NULL,,,,NULL,NULL,NULL,2036
3285,"COOPCULTURE SOC.COOP. (CIVITAVECCHIA)",,Civitavecchia,Roma,,,,,NULL,,2037
3286,"NASCE UN SORRISO",,Roma,Roma,,,,,NULL,,2038
3287,"COOPSERV. SOC. COOP. (RECEPTION)",,NULL,NULL,,,,NULL,NULL,NULL,2039
3288,"COOPSERVICE S.P.A.",,Roma,Roma,,,,,NULL,,2040
3289,"COSMOPOL SECURITY CIVITAVECCHIA",,NULL,NULL,,,,NULL,NULL,NULL,2041
3290,"COSMOPOL SERV.INT.",,Roma,Roma,,,,,NULL,,2042
3291,CRIDA,,NULL,NULL,,,,NULL,NULL,NULL,2043
3292,"RM PIAZZA GIURECONSULTI",,Roma,Roma,,,,,NULL,crisofila.roma.giureconsulti.dir@conadnordovest.it,2044
3293,"CRIVELLI 23",,NULL,NULL,,,,NULL,NULL,NULL,2045
3294,"CSM GLOBAL SECURITY",,NULL,NULL,,,,NULL,NULL,NULL,2046
3295,"CULTURE SOC. COOP.",,NULL,NULL,,,,NULL,NULL,NULL,2047
3296,"CYDONIA HOTELS ITALIA SRL",,NULL,NULL,,,,NULL,NULL,NULL,2048
3297,"D.I.P. SPA",,NULL,NULL,,,,NULL,NULL,NULL,2049
3298,"D.M.C. GESTIONI",,NULL,NULL,,,,NULL,NULL,NULL,2050
3299,"HOTEL SMERALDO",,NULL,NULL,,,,NULL,NULL,NULL,2051
3300,"DAN JOHN ITALIA",,NULL,NULL,,,,NULL,NULL,NULL,2052
3301,"TIVOLI TERME",,Tivoli,Roma,,,,,NULL,,2053
3302,"MC LUNGHEZZA",,NULL,NULL,,,,NULL,NULL,NULL,2053
3303,"MC GUIDONIA",,"Guidonia Montecelio",Roma,,,,,NULL,,2053
3304,"MC CAPENA",,Capena,Roma,,,,,NULL,it-00488@restaurant.it.mcd.com,2053
3305,"MC MONTEROTONDO",,NULL,NULL,,,,NULL,NULL,NULL,2053
3306,"DECATHLON - PORTA DI ROMA",,Roma,Roma,,,,,NULL,,2054
3307,"DEKRA ITALIA",,NULL,NULL,,,,NULL,NULL,NULL,2055
3308,"DELTA BIOLOGICALS SRL",,NULL,NULL,,,,NULL,NULL,NULL,2056
3309,"DEMAS S.R.L.",,Roma,Roma,,,,,NULL,,2057
3310,"DES ARTISTES",,NULL,NULL,,,,NULL,NULL,NULL,2058
3311,"DEUTSCHES REISEBUERO S.R.L.",,NULL,NULL,,,,NULL,NULL,NULL,2059
3312,"DI CARMINE MICHELE & C.",,NULL,NULL,,,,NULL,NULL,NULL,2060
3313,"DICO AXA",,NULL,NULL,,,,NULL,NULL,NULL,2061
3314,"DICO POMEZIA DEL MARE",,NULL,NULL,,,,NULL,NULL,NULL,2061
3315,"EX SMA TORRINO",,NULL,NULL,,,,NULL,NULL,NULL,2061
3316,"DICO NOMENTANA",,NULL,NULL,,,,NULL,NULL,NULL,2061
3317,"DICO ROMA SPEDALIERI",,NULL,NULL,,,,NULL,NULL,NULL,2061
3318,"DICO BRACCIANO",,NULL,NULL,,,,NULL,NULL,NULL,2061
3319,"DICO OSTIA ORLANDO",,NULL,NULL,,,,NULL,NULL,NULL,2061
3320,"DICO COLOMBO",,NULL,NULL,,,,NULL,NULL,NULL,2061
3321,"DICO OSTIA CAPOVERDE 2",,NULL,NULL,,,,NULL,NULL,NULL,2061
3322,"DICO MONTESACRO",,NULL,NULL,,,,NULL,NULL,NULL,2061
3323,"DICO ROMA CASSIA ANTICA",,NULL,NULL,,,,NULL,NULL,NULL,2061
3324,"DICO ROMA TRASTEVERE",,NULL,NULL,,,,NULL,NULL,NULL,2061
3325,"DICO FORANO",,NULL,NULL,,,,NULL,NULL,NULL,2061
3326,"DICO GIARDINETTI",,NULL,NULL,,,,NULL,NULL,NULL,2061
3327,"DICO - CELIO",,NULL,NULL,,,,NULL,NULL,NULL,2061
3328,"DIGITAL ANGELS S.R.L.",,NULL,NULL,,,,NULL,NULL,NULL,2062
3329,"DIPROS SPA",,NULL,NULL,,,,NULL,NULL,NULL,2063
3330,DIREZIONELAVOROGROUP.IT,,NULL,NULL,,,,NULL,NULL,NULL,2064
3331,"DISCOUNT 1 SRL",,NULL,NULL,,,,NULL,NULL,NULL,2065
3332,"DISCOUNT 5",,NULL,NULL,,,,NULL,NULL,NULL,2066
3333,"RM PETROCELLI",,NULL,NULL,,,,NULL,NULL,NULL,2067
3334,"COOP CIVITAVECCHIA",,NULL,NULL,,,,NULL,NULL,NULL,2068
3335,"DOC ROMA-DUE PONTI",,Roma,Roma,,,,,NULL,,2069
3336,"DOC ROMA-TORRINO",,Roma,Roma,,,,,NULL,,2069
3337,"DOC ROMA-PARIOLI",,Roma,Roma,,,,,NULL,,2069
3338,"DOC ROMA-CORTINA",,Roma,Roma,,,,,NULL,,2069
3339,"DOC ROMA-FONTEIANA",,NULL,NULL,,,,NULL,NULL,NULL,2069
3340,"DOC ROMA-TIRSO",,NULL,NULL,,,,NULL,NULL,NULL,2069
3341,BOEZI,,NULL,NULL,,,,NULL,NULL,NULL,2070
3342,"DOLCE E GABBANA",,NULL,NULL,,,,NULL,NULL,NULL,2071
3343,DOUGLAS,,Roma,Roma,,,,,NULL,,2072
3344,DUSSMANN,,Roma,Roma,,,,,NULL,,2073
3345,"DUSSMANN FROSINONE",,Frosinone,Frosinone,,,,,NULL,,2073
3346,EBITEMP,,NULL,NULL,,,,NULL,NULL,NULL,2074
3347,EATALY,,NULL,NULL,,,,NULL,NULL,NULL,2075
3348,EBINTER,,NULL,NULL,,,,NULL,NULL,NULL,2076
3349,"EG ITALIA",,NULL,NULL,,,,NULL,NULL,NULL,2077
3350,"HOTEL BERNINI",,NULL,NULL,,,,NULL,NULL,NULL,2078
3351,"ELIOR UNICREDIT FOCHETTI BAR",,NULL,NULL,,,,NULL,NULL,NULL,2079
3352,ELIOR,,Roma,Roma,,,,,NULL,,2079
3353,"ELIOR AGENZIA DELLE ENTRATE",,NULL,NULL,,,,NULL,NULL,NULL,2079
3354,"ELIOR PERLASCA GEMELLARO",,NULL,NULL,,,,NULL,NULL,NULL,2079
3355,"ELIOR SAN PIO X",,NULL,NULL,,,,NULL,NULL,NULL,2079
3356,"ELIOR I.C. ROUSSEAU",,NULL,NULL,,,,NULL,NULL,NULL,2079
3357,"ELIOR 73 FALCONE",,NULL,NULL,,,,NULL,NULL,NULL,2079
3358,"ELIO IC CARINE",,NULL,NULL,,,,NULL,NULL,NULL,2079
3359,"ELIOR UNICREDIT MOLFETTA BAR",,NULL,NULL,,,,NULL,NULL,NULL,2079
3360,"ELIOR ALFIERI",,NULL,NULL,,,,NULL,NULL,NULL,2079
3361,"ELIOR MILANO",,NULL,NULL,,,,NULL,NULL,NULL,2079
3362,"ELIOR ALMAVIVA",,NULL,NULL,,,,NULL,NULL,NULL,2079
3363,"ELIOR RTC MENARINI",,NULL,NULL,,,,NULL,NULL,NULL,2079
3364,"ELIOR VAL CANNUTA",,NULL,NULL,,,,NULL,NULL,NULL,2079
3365,"ELIOR TECHNIP BAR",,NULL,NULL,,,,NULL,NULL,NULL,2079
3366,"ELIOR ARS MEDICA",,NULL,NULL,,,,NULL,NULL,NULL,2079
3367,"ELIOR MUSEI VATICANI",,NULL,NULL,,,,NULL,NULL,NULL,2079
3368,"ELIOR SCUOLA BADINI",,NULL,NULL,,,,NULL,NULL,NULL,2079
3369,"ELIOR TELECOM RM ESTENSI",,NULL,NULL,,,,NULL,NULL,NULL,2079
3370,"ELIOR SCUOLA BALABANOFF",,NULL,NULL,,,,NULL,NULL,NULL,2079
3371,"MC SAN PAOLO",,NULL,NULL,,,,NULL,NULL,NULL,2080
3372,"MC STRADIVARI",,NULL,NULL,,,,NULL,NULL,NULL,2080
3373,"MC COLLI ALBANI",,NULL,NULL,,,,NULL,NULL,NULL,2080
3374,"EMMEPIU' LATINA",,NULL,NULL,,,,NULL,NULL,NULL,2081
3375,"EMME PIU' - MAGLIANA",,Roma,Roma,,,,,NULL,,2081
3376,EMMEPIU',,Roma,Roma,,,,,NULL,,2081
3377,"EMMEPIU' GROTTAPERFETTA",,NULL,NULL,,,,NULL,NULL,NULL,2081
3378,"EMMEPIU' SAN PAOLO",,Roma,Roma,,,,,NULL,,2081
3379,"EMMEPIU' COLLEFERRO",,Colleferro,Roma,,,,,NULL,,2081
3380,"EMMEPIU' MANZONI",,Roma,Roma,,,,,NULL,,2081
3381,ENFAP,,NULL,NULL,,,,NULL,NULL,NULL,2082
3382,ENIT,,Roma,Roma,,,,,NULL,,2083
3383,EBTL,,NULL,NULL,,,,NULL,NULL,NULL,2084
3384,EYFBA,,NULL,NULL,,,,NULL,NULL,NULL,2085
3385,"ERREBIAN SPA",,NULL,NULL,,,,NULL,NULL,NULL,2086
3386,"ESRI ITALIA S.P.A.",,NULL,NULL,,,,NULL,NULL,NULL,2087
3387,OPTISSIMO,,NULL,NULL,,,,NULL,NULL,NULL,2088
3388,"EURO & PROMOS SPA",,Roma,Roma,,,,,NULL,,2089
3389,"EUROFER SRL",,NULL,NULL,,,,NULL,NULL,NULL,2090
3390,"EUROPEAN SECURITY GROUP",,NULL,NULL,,,,NULL,NULL,NULL,2091
3391,"EUROPLANET CASA",,NULL,NULL,,,,NULL,NULL,NULL,2092
3392,"EUROSPIN SANTA MARINELLA (CIVITAVECCHIA)",,"Santa Marinella",Roma,,,,,NULL,,2093
3393,"EUROSPIN SANTA SEVERA (CIVITAVECCHIA)",,Civitavecchia,Roma,,,,,NULL,,2093
3394,"EUROSPIN MENTANA",,NULL,NULL,,,,NULL,NULL,NULL,2093
3395,"EUROSPIN POLIGONO CIVITAVECCHIA",,NULL,NULL,,,,NULL,NULL,NULL,2093
3396,"EUROSPIN LADISPOLI (CIVITAVECCHIA)",,Ladispoli,Roma,,,,,NULL,,2093
3397,"EUROSPIN SICULIANA",,NULL,NULL,,,,NULL,NULL,NULL,2093
3398,"EUROSPIN CASSIA",,Roma,Roma,,,,,NULL,,2093
3399,"EUROSPIN MONTALTO DI CASTRO",,NULL,NULL,,,,NULL,NULL,NULL,2093
3400,"EUROSPIN VITERBO VILLANOVA",,NULL,NULL,,,,NULL,NULL,NULL,2093
3401,"EUROSPIN COLLEFERRO",,NULL,NULL,,,,NULL,NULL,NULL,2093
3402,EUROSPIN,,NULL,NULL,,,,NULL,NULL,NULL,2093
3403,"EUROSPIN LADISPOLI 2 (CIVITAVECCHIA)",,Civitavecchia,Roma,,,,,NULL,,2093
3404,"EUROSPIN FARO CIVITAVECCHIA",,NULL,NULL,,,,NULL,NULL,NULL,2093
3405,"EUROSPIN MONTEROTONDO",,NULL,NULL,,,,NULL,NULL,NULL,2093
3406,"EUROSPIN FIUMICINO",,NULL,NULL,,,,NULL,NULL,NULL,2093
3407,"EUROSPIN BRACCIANO",,NULL,NULL,,,,NULL,NULL,NULL,2093
3408,"EUROSPIN VELLETRI",,NULL,NULL,,,,NULL,NULL,NULL,2093
3409,"EUROSPIN ACILIA 2",,NULL,NULL,,,,NULL,NULL,NULL,2093
3410,"EUROSPIN CASILINA",,NULL,NULL,,,,NULL,NULL,NULL,2093
3411,"EUROSPIN APRILIA",,NULL,NULL,,,,NULL,NULL,NULL,2093
3412,"EUROSPIN ALBANO",,NULL,NULL,,,,NULL,NULL,NULL,2093
3413,"EUROSPIN TIBURTINA",,NULL,NULL,,,,NULL,NULL,NULL,2093
3414,"EUROSPIN PALESTRINA",,NULL,NULL,,,,NULL,NULL,NULL,2093
3415,"EUROSPIN MARCO SIMONE",,NULL,NULL,,,,NULL,NULL,NULL,2093
3416,"EUROSPIN PRIMAVERA",,NULL,NULL,,,,NULL,NULL,NULL,2093
3417,"EUROSPIN PRENESTINA",,NULL,NULL,,,,NULL,NULL,NULL,2093
3418,"EUROSPIN EUR TORRINO",,NULL,NULL,,,,NULL,NULL,NULL,2093
3419,EUTOURIST,,Roma,Roma,,,,,NULL,,2094
3420,EY,,NULL,NULL,,,,NULL,NULL,NULL,2095
3421,"EZI SPA",,NULL,NULL,,,,NULL,NULL,NULL,2096
3422,"MCDONALD'S ANNIBALIANO",,NULL,NULL,,,,NULL,NULL,NULL,2097
3423,"MCDONALD'S GIULIO CESARE",,NULL,NULL,,,,NULL,NULL,NULL,2097
3424,"FACILITY SERVICE S.A.",,NULL,NULL,,,,NULL,NULL,NULL,2098
3425,FARMACAP,,Roma,Roma,,,,,NULL,,2099
3426,"IL FARO SRL (CIVITAVECCHIA)",,Civitavecchia,Roma,,,,,NULL,,2100
3427,"FARMACIA PORTUENSE",,NULL,NULL,,,,NULL,NULL,NULL,2101
3428,"FARMACRIMI AXA",,NULL,NULL,,,,NULL,NULL,NULL,2102
3429,FARMACRIMI,,NULL,NULL,,,,NULL,NULL,NULL,2102
3430,"FART FONDARTIGIANATO FORM.",,NULL,NULL,,,,NULL,NULL,NULL,2103
3431,"FAS SRL (CIVITAVECCHIA)",,Civitavecchia,Roma,,,,,NULL,,2104
3432,FASIV,,NULL,NULL,,,,NULL,NULL,NULL,2105
3433,"FAST SERVIZI E APPALTI SRL",,NULL,NULL,,,,NULL,NULL,NULL,2106
3434,"FEDEGROUP S.R.L.",,NULL,NULL,,,,NULL,NULL,NULL,2107
3435,FENDI,,Roma,Roma,,,,,NULL,giulia.moranti@gmail.com,2108
3436,FIDELITAS,,Roma,Roma,00165,"VIA AURELIA 479","06 663 6081",,NULL,,2109
3437,"FIERA DI ROMA",,NULL,NULL,,,,NULL,NULL,NULL,2110
3438,"FINIMCOM SRL",,NULL,NULL,,,,NULL,NULL,NULL,2111
3439,"TODIS TAGLIAMENTO",,NULL,NULL,,,,NULL,NULL,NULL,2112
3440,"FLAVIASERVIZI SRL",,Roma,Roma,,,,,NULL,,2113
3441,"EX DICO COLLINA FLEMING",,NULL,NULL,,,,NULL,NULL,NULL,2114
3442,"FLUNCH SRL",,NULL,NULL,,,,NULL,NULL,NULL,2115
3443,FON.TER,,NULL,NULL,,,,NULL,NULL,NULL,2116
3444,"BIO PARCO ROMA",,Roma,Roma,,,,,NULL,,2117
3445,ENPAIA,,NULL,NULL,,,,NULL,NULL,NULL,2118
3446,"FOND. S. CARITA' NEL NOME DI PAPA GIOVANNI",,NULL,NULL,,,,NULL,NULL,NULL,2119
3447,"FOND. UGO BORDONI",,NULL,NULL,,,,NULL,NULL,NULL,2120
3448,"FONDO MARIO NEGRI",,Roma,Roma,,,,,NULL,personale@fondonegri.it,2121
3449,"FONDO EST",,NULL,NULL,,,,NULL,NULL,NULL,2122
3450,FONTE,,NULL,NULL,,,,NULL,NULL,NULL,2123
3451,"FONDO FOR.TE",,NULL,NULL,,,,NULL,NULL,NULL,2124
3452,"FONDO EUROFER",,NULL,NULL,,,,NULL,NULL,NULL,2125
3453,FONDOPROFESSIONI,,NULL,NULL,,,,NULL,NULL,NULL,2126
3454,"FOODIE 2020 SRL (CIVITAVECCHIA)",,Civitavecchia,Roma,,,,,NULL,,2127
3455,"MC NOMENTANA (FOODITALIA SRL)",,NULL,NULL,,,,NULL,NULL,NULL,2128
3456,"FOOT LOCK. CORSO",,Roma,Roma,,,,,NULL,,2129
3457,"FOOT LOCK. EUROMA2",,NULL,NULL,,,,NULL,NULL,NULL,2129
3458,"FOOT LOCKER APRILIA",,NULL,NULL,,,,NULL,NULL,NULL,2129
3459,"FOOT LOCKER FIUMICINO 6328",,NULL,NULL,,,,NULL,NULL,NULL,2129
3460,"FOOT LOCK. LUNGHEZZA",,NULL,NULL,,,,NULL,NULL,NULL,2129
3461,"FOOT LOCK.LIBIA",,NULL,NULL,,,,NULL,NULL,NULL,2129
3462,"FOOT LOCKER GUIDONIA",,NULL,NULL,,,,NULL,NULL,NULL,2129
3463,"FOOT LOCK. APPIA",,NULL,NULL,,,,NULL,NULL,NULL,2129
3464,"FOOT LOCKER",,NULL,NULL,,,,NULL,NULL,NULL,2129
3465,"FOOT LOCK. TUSCOLANA",,NULL,NULL,,,,NULL,NULL,NULL,2129
3466,"FOOT LOCK. OTTAVIANO",,NULL,NULL,,,,NULL,NULL,NULL,2129
3467,"FOOT LOCK. PORTA DI ROMA",,Roma,Roma,,,,,NULL,,2129
3468,"FOOT LOCK.TUSCOLANA",,NULL,NULL,,,,NULL,NULL,NULL,2129
3469,"FOOT LOCK. TERMINI",,NULL,NULL,,,,NULL,NULL,NULL,2129
3470,"FOOT LOCK. LA ROMANINA",,NULL,NULL,,,,NULL,NULL,NULL,2129
3471,"FOOT LOCK.MARCONI",,NULL,NULL,,,,NULL,NULL,NULL,2129
3472,"FOOT LOCKER OSTIA",,NULL,NULL,,,,NULL,NULL,NULL,2129
3473,"FOOT LOCKER C.C. LE SORGENTI",,NULL,NULL,,,,NULL,NULL,NULL,2129
3474,"FORMA CAMERA",,NULL,NULL,,,,NULL,NULL,NULL,2130
3475,FORMA.TEMP,,NULL,NULL,,,,NULL,NULL,NULL,2131
3476,"FOTOTTICA 1860 SRL",,Roma,Roma,,,,,NULL,,2132
3477,"FRATELLI BIANCHI FU MICHELE & C SPA",,NULL,NULL,,,,NULL,NULL,NULL,2133
3478,"FRATELLI MORSILLI SRL",,NULL,NULL,,,,NULL,NULL,NULL,2134
3479,"FREE SERVICE SRL (CIVITAVECCHIA)",,Civitavecchia,Roma,,,,,NULL,,2135
3480,"FRETTE- P.ZZA DI SPAGNA",,NULL,NULL,,,,NULL,NULL,NULL,2136
3481,"FUD SRL",,NULL,NULL,,,,NULL,NULL,NULL,2137
3482,"G & M SUPERMERCATI SRL",,NULL,NULL,,,,NULL,NULL,NULL,2138
3483,"G.S. GENERSIS SECURITY S.R.L.",,NULL,NULL,,,,NULL,NULL,NULL,2139
3484,G4,,NULL,NULL,,,,NULL,NULL,NULL,2140
3485,"ZAFFIRO 3 SRL - VIA ZIANI",,Roma,Roma,,,,,NULL,,2141
3486,"GALLI INNOCENTI & C.",,NULL,NULL,,,,NULL,NULL,NULL,2142
3487,"GAMESTOP ITALY",,NULL,NULL,,,,NULL,NULL,NULL,2143
3488,"GBO ITALY S.P.A.",,NULL,NULL,,,,NULL,NULL,NULL,2144
3489,"GDR STORE SRL",,NULL,NULL,,,,NULL,NULL,NULL,2145
3490,GNAUDITORIUM,,NULL,NULL,,,,NULL,NULL,NULL,2146
3491,"GELMAR FIUMICINO",,NULL,NULL,,,,NULL,NULL,NULL,2147
3492,"GEMOS FILIALE LAZIO",,Roma,Roma,00173,"VIA FRANCESCO ANTOLISEI 6",,,NULL,,2148
3493,"GENS AUREA",,NULL,NULL,,,,NULL,NULL,NULL,2149
3494,"GEP SRL",,NULL,NULL,,,,NULL,NULL,NULL,2150
3495,"GEPIR SRL",,NULL,NULL,,,,NULL,NULL,NULL,2151
3496,"GESPAC NEWTON",,NULL,NULL,,,,NULL,NULL,NULL,2152
3497,"GESPAC - VIA NOCERA UMBRA",,Roma,Roma,,,,,NULL,gespac4@portal.pac2000a.it,2152
3498,"GESPAC - VIA AMBROSINI",,NULL,NULL,,,,NULL,NULL,NULL,2152
3499,"GESPAC FIUMICINO",,NULL,NULL,,,,NULL,NULL,NULL,2152
3500,"GESPAC FONTE NUOVA",,Roma,Roma,,,,,NULL,,2152
3501,"GESPAC ANZIO",,NULL,NULL,,,,NULL,NULL,NULL,2152
3502,"GFM SRL",,NULL,NULL,,,,NULL,NULL,NULL,2153
3503,"GI & EM SRL",,NULL,NULL,,,,NULL,NULL,NULL,2154
3504,"GI.GROUP S.P.A.",,NULL,NULL,,,,NULL,NULL,NULL,2155
3505,GIA.MA,,NULL,NULL,,,,,NULL,centraleoperativa@giama.biz,2156
3506,"GIA.MA SRL",,NULL,NULL,,,,NULL,NULL,NULL,2157
3507,"POMEZIA AUTOGRILL",,Pomezia,Roma,,,,,NULL,,2158
3508,"VERSACE P.ZZA DI SPAGNA",,NULL,NULL,,,,NULL,NULL,NULL,2159
3509,"GILAR SRL",,NULL,NULL,,,,NULL,NULL,NULL,2160
3510,"GILAS S.R.L.",,Roma,Roma,,,,,NULL,,2161
3511,"GIOMI CARE ",,Civitavecchia,Roma,,,,,NULL,,2162
3512,"GIOVE 2023 SRL",,NULL,NULL,,,,NULL,NULL,NULL,2163
3513,"GIPAF SRL",,NULL,NULL,,,,NULL,NULL,NULL,2164
3514,"GLOBAL SECURITY AGENCY",,NULL,NULL,,,,NULL,NULL,NULL,2165
3515,G.S.S.,,NULL,NULL,,,,NULL,NULL,NULL,2166
3516,"GLOBAL STARNET LTD",,Roma,Roma,,,,,NULL,,2167
3517,"MC CINECITTA'",,NULL,NULL,,,,NULL,NULL,NULL,2168
3518,"GN SERVICE SRL",,NULL,NULL,,,,NULL,NULL,NULL,2169
3519,"RM SERENISSIMA",,Roma,Roma,,,,,NULL,,2170
3520,"GO.WE FIUGGI SRL",,NULL,NULL,,,,NULL,NULL,NULL,2171
3521,"GRABISTROT 2019",,NULL,NULL,,,,NULL,NULL,NULL,2172
3522,"GRANDI PROGETTI",,NULL,NULL,,,,NULL,NULL,NULL,2173
3523,"GRANDI STAZIONI RAIL",,NULL,NULL,,,,NULL,NULL,NULL,2174
3524,"GRANDI STAZIONI",,NULL,NULL,,,,NULL,NULL,NULL,2175
3525,"EX GS MONTEMARIO",,NULL,NULL,,,,NULL,NULL,NULL,2176
3526,"RM PORTUENSE 323",,NULL,NULL,,,,NULL,NULL,NULL,2177
3527,"LA PIADINERIA",,Roma,Roma,,,,,NULL,,2178
3528,SDA,,Roma,Roma,,,,,NULL,,2179
3529,GSA,,NULL,NULL,,,,NULL,NULL,NULL,2180
3530,"GS ELIO DONATO",,NULL,NULL,,,,NULL,NULL,NULL,2181
3531,"GS DRAGONCELLO",,NULL,NULL,,,,NULL,NULL,NULL,2181
3532,"GS SPINACETO",,NULL,NULL,,,,NULL,NULL,NULL,2181
3533,"GS EUCLIDE",,NULL,NULL,,,,NULL,NULL,NULL,2181
3534,"GS VILLAGGIO TALENTI",,NULL,NULL,,,,NULL,NULL,NULL,2181
3535,"GS ROCCA DI PAPA",,NULL,NULL,,,,,NULL,it2872_rm_roccadipapa@carrefour.com,2181
3536,"GS GROTTAFERRATA",,NULL,NULL,,,,NULL,NULL,NULL,2181
3537,"GS BARONIO",,NULL,NULL,,,,NULL,NULL,NULL,2181
3538,"GS PRATI FISCALI",,NULL,NULL,,,,NULL,NULL,NULL,2181
3539,"GS SETTEVILLE GUIDONIA",,Roma,Roma,,,,,NULL,,2181
3540,"GS DRAGONA",,NULL,NULL,,,,NULL,NULL,NULL,2181
3541,"GS P.LE EROI",,NULL,NULL,,,,NULL,NULL,NULL,2181
3542,"GS XXI APRILE",,Roma,Roma,,,,,NULL,,2181
3543,"IPER TOR VERGATA",,Roma,Roma,,,,,NULL,,2181
3544,"GS FILARETE",,Roma,Roma,,,,,NULL,,2181
3545,"GS PRATONE",,NULL,NULL,,,,NULL,NULL,NULL,2181
3546,"GS TIVOLI 2",,NULL,NULL,,,,NULL,NULL,NULL,2181
3547,"GS LAURENTINA",,NULL,NULL,,,,NULL,NULL,NULL,2181
3548,"IPER ROMA NICCODEMI",,Roma,Roma,,,,,NULL,,2181
3549,"GS P.LE MORELLI",,NULL,NULL,,,,NULL,NULL,NULL,2181
3550,"GS VIGNA  MURATA",,Roma,Roma,,,,,NULL,,2181
3551,"GS SABELLI",,NULL,NULL,,,,NULL,NULL,NULL,2181
3552,"GS PARIOLI",,NULL,NULL,,,,NULL,NULL,NULL,2181
3553,"GS BUFALOTTA",,NULL,NULL,,,,NULL,NULL,NULL,2181
3554,"GS CINECITTA'",,NULL,NULL,,,,NULL,NULL,NULL,2181
3555,"GS ROMA SS QUATTRO",,NULL,NULL,,,,NULL,NULL,NULL,2181
3556,"GS V.DEGLI EROI",,NULL,NULL,,,,NULL,NULL,NULL,2181
3557,"GSN SRL",,NULL,NULL,,,,NULL,NULL,NULL,2182
3558,GUESS,,NULL,NULL,,,,NULL,NULL,NULL,2183
3559,H501X,,NULL,NULL,,,,NULL,NULL,NULL,2184
3560,"HEALT ASSISTANCE",,NULL,NULL,,,,NULL,NULL,NULL,2185
3561,"HELP DONNA",,NULL,NULL,,"OSP. M.G. VANNINI VIA DEL POLICLINICO,4",,NULL,NULL,NULL,2186
3562,"HERBALIFE ITALIA",,NULL,NULL,,,,NULL,NULL,NULL,2187
3563,"HEXISS S.R.L.",,Roma,Roma,00138,"Salita di Castel Giubileo 151",,,NULL,,2188
3564,"HILL'S PET NUTRITION",,NULL,NULL,,,,NULL,NULL,NULL,2189
3565,"HOTEL HILTON",,NULL,NULL,,,,NULL,NULL,NULL,2190
3566,"HONDA MOTO ROMA SPA",,NULL,NULL,,,,NULL,NULL,NULL,2191
3567,"HOTEL EDEN",,NULL,NULL,,,,NULL,NULL,NULL,2192
3568,"HOTEL LA PERGOLA (CIVITAVECCHIA)",,Civitavecchia,Roma,,,,,NULL,,2193
3569,"HOTEL LAURENTIA",,NULL,NULL,,,,NULL,NULL,NULL,2194
3570,"HOTEL NAZIONALE",,NULL,NULL,,,,NULL,NULL,NULL,2195
3571,"HOLIDAY INN ROME AURELIA",,NULL,NULL,,,,NULL,NULL,NULL,2196
3572,"HOTEL SERVICES MANAGENT SRLS",,NULL,NULL,,,,NULL,NULL,NULL,2197
3573,"HT PARCO DEI PRINCIPI",,NULL,NULL,,,,NULL,NULL,NULL,2198
3574,I.S.S.V.,,NULL,NULL,,,,NULL,NULL,NULL,2199
3575,"APPALTO RAI",,NULL,NULL,,,,NULL,NULL,NULL,2200
3576,"I.S.S.V. (RECEPTION)",,NULL,NULL,,,,NULL,NULL,NULL,2201
3577,IVH,,NULL,NULL,,,,NULL,NULL,NULL,2202
3578,"ICTS ITALIA SPA",,Roma,Roma,,,,,NULL,,2203
3579,"ID KIDS ITALY",,NULL,NULL,,,,NULL,NULL,NULL,2204
3580,IGT,,NULL,NULL,,,,NULL,NULL,NULL,2205
3581,"IKEA PORTA DI ROMA",,Roma,Roma,,,,,NULL,,2206
3582,"IKEA ANAGNINA",,Roma,Roma,,,,,NULL,ikearomaanagnina@legalmail.it,2206
3583,"IKEA FIUMICINO",,Fiumicino,Roma,,,,,NULL,,2206
3584,"CAF UIL ROMA",,NULL,NULL,,,,NULL,NULL,NULL,2207
3585,"INDEEP ARTIFICIAL INTELLIGENCE SRL",,NULL,NULL,,,,NULL,NULL,NULL,2208
3586,INNOVA,,NULL,NULL,,,,NULL,NULL,NULL,2209
3587,"INNOVA BRACCIANO",,NULL,NULL,,,,NULL,NULL,NULL,2209
3588,"INNOVA CIVITAVECCHIA",,Civitavecchia,Roma,,,,,NULL,,2210
3589,"IN'S VIALE FRANCESCHINI",,Roma,Roma,,,,,NULL,,2211
3590,"IN'S MERCATO",,NULL,NULL,,,,NULL,NULL,NULL,2211
3591,"IN'S VIA ROCCA DI PAPA",,NULL,NULL,,,,NULL,NULL,NULL,2211
3592,"IN'S P.ZZA QUINTO CURZIO",,NULL,NULL,,,,NULL,NULL,NULL,2211
3593,"IN'S VIA POLLENZA",,NULL,NULL,,,,NULL,NULL,NULL,2211
3594,"IN'S COLLE SALARIO",,NULL,NULL,,,,NULL,NULL,NULL,2211
3595,"IN'S VIA BELON",,NULL,NULL,,,,NULL,NULL,NULL,2211
3596,"IN'S VIA DI PIETRALATA",,NULL,NULL,,,,NULL,NULL,NULL,2211
3597,"IN'S PIAZZA BALDINI",,NULL,NULL,,,,NULL,NULL,NULL,2211
3598,"SMA OSTIA GONDOLE",,NULL,NULL,,,,NULL,NULL,NULL,2212
3599,INTERFLORA,,NULL,NULL,,,,NULL,NULL,NULL,2213
3600,"INTERNATIONALE HEALTH SERVICE",,NULL,NULL,,,,NULL,NULL,NULL,2214
3601,"INTERSOS ONLUS",,Roma,Roma,,,,,NULL,,2215
3602,"INVIMIT SGR",,NULL,NULL,,,,NULL,NULL,NULL,2216
3603,"IPERSERVICE SOC.COOP.",,NULL,NULL,,,,NULL,NULL,NULL,2217
3604,"RETELIT DIGITAL SERVICES - ROMA",,Roma,Roma,00155,"VIA BARDANZELLI 124",,,NULL,,2218
3605,"HOTEL ERGIFE",,NULL,NULL,,,,NULL,NULL,NULL,2219
3606,"ISS FACILITY SERVICES",,NULL,NULL,,,,NULL,NULL,NULL,2220
3607,"IST. DI VIG. PRIV. VITERB.",,NULL,NULL,,,,NULL,NULL,NULL,2221
3608,"IST.PIA SOC.FIGLIE DI S.PAOLO",,NULL,NULL,,,,NULL,NULL,NULL,2222
3609,"ISTITUTO VIGILANZA METROPOLITANA SRL",,NULL,NULL,,,,NULL,NULL,NULL,2223
3610,"ITACA SRL",,NULL,NULL,,,,NULL,NULL,NULL,2224
3611,"ITAL UIL",,NULL,NULL,,,,NULL,NULL,NULL,2225
3612,"ITALIAN FACILITY GROUP SRL",,Roma,Roma,,,,,NULL,,2226
3613,"ITALPOL S.F.",,Roma,Roma,,,,,NULL,,2227
3614,ITALPOL,,Roma,Roma,00166,"Via Monte Carmelo, 3",,,NULL,,2228
3615,"ITALPOL FROSINONE",,Frosinone,Frosinone,,,,,NULL,,2228
3616,ITALSERVIZI,,NULL,NULL,,,,NULL,NULL,NULL,2229
3617,"ITTICA 2EMME SRLS",,NULL,NULL,,,,NULL,NULL,NULL,2230
3618,DRAGONA,,NULL,NULL,,,,NULL,NULL,NULL,2231
3619,"FIUMICINO V. DEL FARO",,Fiumicino,Roma,,,,,NULL,,2231
3620,"OSTIA TOSCANELLI",,NULL,NULL,,,,NULL,NULL,NULL,2231
3621,"IVS GROUP SA",,NULL,NULL,,,,NULL,NULL,NULL,2232
3622,"IVS CIAMPINO",,NULL,NULL,,,,NULL,NULL,NULL,2233
3623,"IVS ROMA2",,NULL,NULL,,,,NULL,NULL,NULL,2233
3624,"IVS POMEZIA",,NULL,NULL,,,,NULL,NULL,NULL,2233
3625,"JOINT BILLION",,Roma,Roma,,,,,NULL,,2234
3626,"JOULE SRL - CIVITAVECCHIA",,Civitavecchia,Roma,,,,,NULL,,2235
3627,"KARATTI SRL",,NULL,NULL,,,,NULL,NULL,NULL,2236
3628,KASANOVA,,NULL,NULL,,,,NULL,NULL,NULL,2237
3629,"KEY PARTNER",,NULL,NULL,,,,NULL,NULL,NULL,2238
3630,"KORIAN SRL ",,Civitavecchia,Roma,,,,,NULL,,2239
3631,"LA MIMOSA S.R.L.",,NULL,NULL,,,,NULL,NULL,NULL,2240
3632,"LA RINASCENTE",,NULL,NULL,,,,NULL,NULL,NULL,2241
3633,"LA TORRE IST. DI VIG. S.R.L.",,NULL,NULL,,,,NULL,NULL,NULL,2242
3634,LADISA,,Roma,Roma,,,,,NULL,direzione.mensa@esteri.it,2243
3635,"LADISA MINISTERO ESTERI",,NULL,NULL,,,,NULL,NULL,NULL,2243
3636,"LADISA S.p.A. SOGEI",,NULL,NULL,,,,NULL,NULL,NULL,2243
3637,"LADISA PALAZZO MESSE - CECCHIGNOLA",,NULL,NULL,,,,NULL,NULL,NULL,2243
3638,"LADISA CASERMA ROMAGNOLI",,NULL,NULL,,,,NULL,NULL,NULL,2243
3639,"LADISA MIN DELLA MARINA",,NULL,NULL,,,,NULL,NULL,NULL,2243
3640,"LADISA PICCININI",,NULL,NULL,,,,NULL,NULL,NULL,2243
3641,LAGARDERE,,Roma,Roma,,,,,NULL,,2244
3642,"LE MILLE E UNA NOTTE COOP.SOC.",,NULL,NULL,,,,NULL,NULL,NULL,2245
3643,"L'ELETTRICA DI PAOLO & M.",,NULL,NULL,,,,NULL,NULL,NULL,2246
3644,"LIDL ANAGNI",,Anagni,Frosinone,,,,,NULL,,2247
3645,"LIDL FROSINONE",,Frosinone,Frosinone,,,,,NULL,,2247
3646,"LIDL MAGLIANA",,NULL,NULL,,,,NULL,NULL,NULL,2247
3647,"LIDL ROMA SICULIANA",,NULL,NULL,,,,NULL,NULL,NULL,2247
3648,"LIDL GINO CERVI",,NULL,NULL,,,,NULL,NULL,NULL,2247
3649,"LIDL TORRACCIO",,NULL,NULL,,,,NULL,NULL,NULL,2247
3650,"LIDL CAVE",,NULL,NULL,,,,NULL,NULL,NULL,2247
3651,"LIDL ROMA 7",,NULL,NULL,,,,NULL,NULL,NULL,2247
3652,"LIDL ALATRI",,NULL,NULL,,,,NULL,NULL,NULL,2247
3653,"LIDL TORREVECCHIA",,Roma,Roma,,,,,NULL,,2247
3654,"LIDL ARTENA",,NULL,NULL,,,,NULL,NULL,NULL,2247
3655,"LIDL CASILINA",,NULL,NULL,,,,NULL,NULL,NULL,2247
3656,"LIDL POMEZIA",,NULL,NULL,,,,NULL,NULL,NULL,2247
3657,"LIDL CISTERNA",,NULL,NULL,,,,NULL,NULL,NULL,2247
3658,"LIDL PRENESTINA",,NULL,NULL,,,,NULL,NULL,NULL,2247
3659,"LIDL ROMA 13",,NULL,NULL,,,,NULL,NULL,NULL,2247
3660,"LIDL CERVETERI",,Roma,Roma,,,,,NULL,,2247
3661,"LIDL V.ACQUA BULL.",,NULL,NULL,,,,NULL,NULL,NULL,2247
3662,"LIDL RIETI",,NULL,NULL,,,,NULL,NULL,NULL,2247
3663,"LIDL AURELIA",,Roma,Roma,,,,,NULL,,2247
3664,"LIDL VIA TIBURTINA 986",,NULL,NULL,,,,NULL,NULL,NULL,2247
3665,lidl,,NULL,NULL,,,,NULL,NULL,NULL,2247
3666,"LIDL GALLA PLACIDIA",,NULL,NULL,,,,NULL,NULL,NULL,2247
3667,"LIDL CIVITAVECCHIA",,NULL,NULL,,,,NULL,NULL,NULL,2247
3668,ROMA7,,NULL,NULL,,,,NULL,NULL,NULL,2247
3669,"LIDL COLLEFERRO",,NULL,NULL,,,,NULL,NULL,NULL,2247
3670,"LIDL ROMA 8",,NULL,NULL,,,,NULL,NULL,NULL,2247
3671,"LIDL ROMA 6",,NULL,NULL,,,,NULL,NULL,NULL,2247
3672,"LIGURIA OPCO",,Roma,Roma,,,,,NULL,,2248
3673,"LINDT & SPRÜNGLI RETAIL",,NULL,NULL,,,,NULL,NULL,NULL,2249
3674,"LINK FINANZIARA",,NULL,NULL,,,,NULL,NULL,NULL,2250
3675,"LIS HOLDING SPA",,NULL,NULL,,,,NULL,NULL,NULL,2251
3676,"LOCAM GESTIONI S.R.L.",,NULL,NULL,,,,NULL,NULL,NULL,2252
3677,"LOIACONO E BRILLA LOGISTICA SRL",,NULL,NULL,,,,NULL,NULL,NULL,2253
3678,"LS TRAVEL",,Roma,Roma,,,,,NULL,,2254
3679,"LTD MARKET SRL",,Roma,Roma,,,,,NULL,,2255
3680,"LUCANA SERVIZI SRL",,Roma,Roma,,,,,NULL,,2256
3681,"LUCCI SALVINA",,NULL,NULL,,,,NULL,NULL,NULL,2257
3682,"LUISA VIA ROMA (CIVITAVECCHIA)",,Civitavecchia,Roma,,,,,NULL,,2258
3683,"LUONGO SECURITY SRL",,NULL,NULL,,,,NULL,NULL,NULL,2259
3684,"LUSH ITALIA S.R.L.",,NULL,NULL,,,,NULL,NULL,NULL,2260
3685,"LVMH PROFUMI E COSMETICI",,NULL,NULL,,,,NULL,NULL,NULL,2261
3686,"M.F. CIAMPINO",,NULL,NULL,,,,NULL,NULL,NULL,2262
3687,"MAGAZZINI GABRIELLI",,Roma,Roma,,,,,NULL,,2263
3688,"TIGRE - ARDEA",,NULL,NULL,,,,NULL,NULL,NULL,2263
3689,"TIGRE - ZAGAROLO",,NULL,NULL,,,,NULL,NULL,NULL,2263
3690,"TIGRE - SANTA MARIA DELLE MOLE",,NULL,NULL,,,,NULL,NULL,NULL,2263
3691,"TIGRE - ANAGNI",,Roma,Roma,,,,,NULL,,2263
3692,"CONAD MAGLIANA",,NULL,NULL,,,,NULL,NULL,NULL,2264
3693,"MASCHERONE EST",,NULL,NULL,,,,NULL,NULL,NULL,2265
3694,"MASCHERONE OVEST",,NULL,NULL,,,,NULL,NULL,NULL,2265
3695,TOLFA,,NULL,NULL,,,,NULL,NULL,NULL,2265
3696,"MAIORANA FIUMICINO",,Fiumicino,Roma,,,,,NULL,,2266
3697,"MAISON DU MONDE",,Roma,Roma,,,,,NULL,dir-mag-roma@maisondumonde.com,2267
3698,"MAMA SRL",,NULL,NULL,,,,NULL,NULL,NULL,2268
3699,"MANGEST SRL",,NULL,NULL,,,,NULL,NULL,NULL,2269
3700,"MAPI ROMA SRL",,NULL,NULL,,,,NULL,NULL,NULL,2270
3701,"MAPI SRL",,NULL,NULL,,,,NULL,NULL,NULL,2271
3702,"MARGHERITA MAZZINI",,NULL,NULL,,,,NULL,NULL,NULL,2272
3703,"AUCHAN CASAL BERTONE",,NULL,NULL,,,,NULL,NULL,NULL,2272
3704,"AUCHAN FIUMICINO",,NULL,NULL,,,,NULL,NULL,NULL,2272
3705,"MARGHERITA ZAMBARELLI",,NULL,NULL,,,,NULL,NULL,NULL,2272
3706,"MARGHERITA VIA DEI PLATANI",,NULL,NULL,,,,NULL,NULL,NULL,2272
3707,"RM MALATESTA",,NULL,NULL,,,,NULL,NULL,NULL,2273
3708,"MARKET MANAGEMENT SRL",,NULL,NULL,,,,NULL,NULL,NULL,2274
3709,MARSH,,NULL,NULL,,,,NULL,NULL,NULL,2275
3710,"MARTA STORE - V.LE KANT",,NULL,NULL,,,,NULL,NULL,NULL,2276
3711,"EX EMMEPIU' SERPENTARA",,NULL,NULL,,,,NULL,NULL,NULL,2277
3712,"MASTER CLEAN FIUGGI - FROSINONE",,Frosinone,Frosinone,,,,,NULL,,2278
3713,MAXIMA,,NULL,NULL,,,,NULL,NULL,NULL,2279
3714,"MC SPAGNA",,Roma,Roma,,,,,NULL,it-00002@restaurant.it.mcd.com,2280
3715,"MC GIOLITTI",,Roma,Roma,,,,,NULL,it-00040@restaurant.it.mcd.com,2280
3716,"MC TOR TRE TESTE",,Roma,Roma,,,,,NULL,it-01006@restaurant.it.mcd.com,2280
3717,"MC MURATTE -TREVI",,Roma,Roma,,,,,NULL,it-00365@restaurant.it.mcd.com,2280
3718,"MC PORTA DI ROMA",,Roma,Roma,,,,,NULL,IT-00401@restaurant.it.mcd.com,2280
3719,"MC TERMINI FORUM",,Roma,Roma,,,,,NULL,it-00165@restaurant.it.mcd.com,2280
3720,"MC PRATI FISCALI",,Roma,Roma,,,,,NULL,it-00033@restaurant.it.mcd.com,2280
3721,"MC ROMANINA DRIVE",,Roma,Roma,,,,,NULL,it-00522@restaurant.it.mcd.com,2280
3722,"MC RE DI ROMA",,Roma,Roma,,,,,NULL,it-03192@restaurant.it.mcd.com,2280
3723,"MC BRACCIANO",,Bracciano,Roma,,,,,NULL,it-00663@restaurant.it.mcd.com,2280
3724,"MC FRANCIA",,Roma,Roma,,,,,NULL,it-00030@restaurant.it.mcd.com,2280
3725,"MC CIAMPINO",,Ciampino,Roma,,,,,NULL,it-00710@restaurant.it.mcd.com,2280
3726,"MC TUSCOLANA",,Roma,Roma,,,,,NULL,it-00121@restaurant.it.mcd.com,2280
3727,"MC PIAZZA 5 LUNE",,Roma,Roma,,,,,NULL,it-00813@restaurant.it.mcd.com,2280
3728,"MC BORGO PIO",,Roma,Roma,,,,,NULL,it-00812@restaurant.it.mcd.com,2280
3729,"MC APPIA",,NULL,NULL,,,,NULL,NULL,NULL,2280
3730,"MC PARCO LEONARDO",,NULL,NULL,,,,NULL,NULL,NULL,2280
3731,"MC TERMINI GALLERIA",,NULL,NULL,,,,NULL,NULL,NULL,2280
3732,"MC NOMENTANA",,Roma,Roma,,,,,NULL,it-00469@restaurant.it.mcd.com,2280
3733,"MC LATINA ROMAGNOLI",,NULL,NULL,,,,NULL,NULL,NULL,2280
3734,"MC COPODRISE - A1",,NULL,NULL,,,,NULL,NULL,NULL,2280
3735,"MC TRIONFALE",,Roma,Roma,,,,,NULL,it-00044@restaurant.it.mcd.com,2281
3736,"MC CASALOTTI",,NULL,NULL,,,,NULL,NULL,NULL,2281
3737,"MC CASSIA",,Roma,Roma,,,,,NULL,it-01022@restaurant.it.mcd.com,2281
3738,"MC CASAL DEL MARMO",,Roma,Roma,,,,,NULL,it-00466@restaurant.it.mcd.com,2281
3739,"MEDAGLIE D'ORO MARKET SRL",,NULL,NULL,,,,NULL,NULL,NULL,2282
3740,"MEDIAWORLD LUNGHEZZA",,NULL,NULL,,,,NULL,NULL,NULL,2283
3741,"MEDIAWORLD TOR VERGATA",,NULL,NULL,,,,NULL,NULL,NULL,2283
3742,"MEDIAWORLD BUFALOTTA",,NULL,NULL,,,,NULL,NULL,NULL,2283
3743,"MEDIAWORLD GRAN ROMA",,Roma,Roma,,,,,NULL,,2283
3744,"MEDIAWORLD V.LE PRIMAVERA",,NULL,NULL,,,,NULL,NULL,NULL,2283
3745,"MEDIAWORLD FIUMICINO",,NULL,NULL,,,,NULL,NULL,NULL,2283
3746,MEDIAWORLD,,Roma,Roma,,,,,NULL,,2283
3747,MELITE,,NULL,NULL,,,,NULL,NULL,NULL,2284
3748,"MERANESE SERVIZI",,NULL,NULL,,,,NULL,NULL,NULL,2285
3749,OBICA',,NULL,NULL,,,,NULL,NULL,NULL,2286
3750,"MERCEDES BENZ F.S.",,NULL,NULL,,,,NULL,NULL,NULL,2287
3751,"MERCEDES BENZ ITALIA",,NULL,NULL,,,,NULL,NULL,NULL,2288
3752,"MERCEDES CHARTERWAY",,NULL,NULL,,,,NULL,NULL,NULL,2289
3753,"MERCEDES BENZ ROMA",,Roma,Roma,,,,,NULL,GLUONGO@AUTOTORINO.IT,2290
3754,"MERCURIO SRLS",,NULL,NULL,,,,NULL,NULL,NULL,2291
3755,"METRO LA RUSTICA",,NULL,NULL,,,,NULL,NULL,NULL,2292
3756,"METROPOL SERVIZI DI SICUREZZA S.R.L.",,Roma,Roma,,,,,NULL,,2293
3757,"MG SRLS - BALDO DEGLI UBALDI",,NULL,NULL,,,,NULL,NULL,NULL,2294
3758,MIDALI,,NULL,NULL,,,,NULL,NULL,NULL,2295
3759,"MIKI TRAVEL AGENCY ITALIA",,NULL,NULL,,,,NULL,NULL,NULL,2296
3760,"RM NUOVA MARCONI",,NULL,NULL,,,,NULL,NULL,NULL,2297
3761,"MIROGLIO FASHION",,Roma,Roma,,,,,NULL,,2298
3762,"MKT SRLS",,NULL,NULL,,,,NULL,NULL,NULL,2299
3763,"MONDADORI FIUMICINO",,NULL,NULL,,,,NULL,NULL,NULL,2300
3764,"MONDADORI C.C. LA ROMANINA",,NULL,NULL,,,,NULL,NULL,NULL,2300
3765,AURELIA,,NULL,NULL,,,,NULL,NULL,NULL,2300
3766,"MONDADORI P.COLA DI RIENZO",,NULL,NULL,,,,NULL,NULL,NULL,2300
3767,"LIBRERIA CASAL BERTONE",,NULL,NULL,,,,NULL,NULL,NULL,2300
3768,"MONDIALPOL VEDETTA 2",,Roma,Roma,00166,"VIA CARLO SEVERINI 26",0666183334,,NULL,ufficioservizi.rm@mondialpol.it,2301
3769,"MONEYGRAM INTERNATIONAL S.P.R.L.",,NULL,NULL,,,,NULL,NULL,NULL,2302
3770,"HOTEL PALATINO",,Roma,Roma,,,,,NULL,,2303
3771,MOTORCITY,,NULL,NULL,,,,NULL,NULL,NULL,2304
3772,"MC DONALD'S AURELIA DRIVE",,NULL,NULL,,,,NULL,NULL,NULL,2305
3773,"MULTISERVICE GROUP SOC.COOP",,Frosinone,Frosinone,,,,,NULL,,2306
3774,"MULTISERVIZI DEI CASTELLI DI MARINO",,Marino,Roma,,,,,NULL,,2307
3775,"MULTISERVIZI - MENSA",,NULL,NULL,,,,NULL,NULL,NULL,2308
3776,"MUTUA MBA ",,Civitavecchia,Roma,,,,,NULL,,2309
3777,"MY CHEF APT FIUMICINO",,Fiumicino,Roma,00054,"c/o Aeroporto Leonardo Da Vinci",,,NULL,,2310
3778,"MY CHEF TERMINI",,Roma,Roma,,,,,NULL,,2310
3779,"NAIL ONE SRL",,NULL,NULL,,,,NULL,NULL,NULL,2311
3780,"NAPOLIONES S.R.L.",,NULL,NULL,,,,NULL,NULL,NULL,2312
3781,"NATIONAL SERVICES SRL",,Civitavecchia,Roma,,,,,NULL,,2313
3782,"NATIONAL SERVICES",,NULL,NULL,,,,NULL,NULL,NULL,2314
3783,"NATUNA SRL",,Roma,Roma,,,,,NULL,,2315
3784,NESPRESSO,,NULL,NULL,,"COLA DI RIENZO 21",,NULL,NULL,NULL,2316
3785,"NEW AIR CLEAN S.R.L.S.",,NULL,NULL,,,,NULL,NULL,NULL,2317
3786,"N.G.S. S.R.L.",,Roma,Roma,,,,,NULL,,2318
3787,"NEW MARKET SRL",,NULL,NULL,,,,NULL,NULL,NULL,2319
3788,"NEW SPECCHIO SOC. COOP.",,NULL,NULL,,,,NULL,NULL,NULL,2320
3789,"STERN ZANIN",,NULL,NULL,,,,NULL,NULL,NULL,2321
3790,"NH GIUSTINIANO",,NULL,NULL,,,,NULL,NULL,NULL,2322
3791,"HOTEL VILLA CARPEGNA",,NULL,NULL,,,,NULL,NULL,NULL,2322
3792,"NORDEST SERVIZI",,NULL,NULL,,,,NULL,NULL,NULL,2323
3793,"RM BALDUINA",,NULL,NULL,,,,NULL,NULL,NULL,2324
3794,"STAZIONE TERMINI",,Roma,Roma,,,,,NULL,,2324
3795,"RM PIAZZA INDIPENDENZA",,NULL,NULL,,,,NULL,NULL,NULL,2324
3796,"RM VIGNA CLARA",,NULL,NULL,,,,NULL,NULL,NULL,2324
3797,"VIA OSTIENSE (NORDOVEST INSIEME S.R.L.)",,NULL,NULL,,,,NULL,NULL,NULL,2324
3798,"RM PIAZZA GIURECONSULTI (NORDOVEST INSIEME S.R.L.)",,NULL,NULL,,,,NULL,NULL,NULL,2324
3799,"RM VIA ZIANI",,NULL,NULL,,,,NULL,NULL,NULL,2324
3800,"AURELIA NORD",,NULL,NULL,,,,NULL,NULL,NULL,2325
3801,CIVITAVECCHIA,,NULL,NULL,,,,NULL,NULL,NULL,2325
3802,"CONAD LADISPOLI",,NULL,NULL,,,,NULL,NULL,NULL,2325
3803,"VIA OSTIENSE",,NULL,NULL,,,,NULL,NULL,NULL,2325
3804,"CONAD BRACCIANO",,NULL,NULL,,,,NULL,NULL,NULL,2325
3805,NOVOMATIC,,NULL,NULL,,,,NULL,NULL,NULL,2326
3806,"ESSO FRASCATI EST",,NULL,NULL,,,,NULL,NULL,NULL,2327
3807,"TIRRENO EST",,NULL,NULL,,,,NULL,NULL,NULL,2327
3808,"MASCHERONE EST OIL",,Roma,Roma,,,,,NULL,,2327
3809,"FERONIA EST OIL",,NULL,NULL,,,,NULL,NULL,NULL,2327
3810,"ARRONE OVEST OIL",,NULL,NULL,,,,NULL,NULL,NULL,2327
3811,"NUOVA SIDAP SRL",,Roma,Roma,,,,,NULL,,2328
3812,"NUOVA SIDAP CASILINA BAR",,Roma,Roma,,,,,NULL,,2328
3813,"NUOVA SIDAP CASILINA EST.",,Roma,Roma,,,,,NULL,,2328
3814,"NUOVARREDO SRL",,NULL,NULL,,,,NULL,NULL,NULL,2329
3815,"OPEN SERVICE SRL",,NULL,NULL,,,,NULL,NULL,NULL,2330
3816,"OPERA NAZIONALE MONTESSORI",,NULL,NULL,,,,NULL,NULL,NULL,2331
3817,O.N.C.R.,,Roma,Roma,,,,,NULL,,2332
3818,"BINGO COLA DI RIENZO",,Roma,Roma,,"Piazza Cola di Rienzo, 88/90","06 32120100",,NULL,,2333
3819,OPERBINGO,,Roma,Roma,00166,"Via Cornelia, 498",,,NULL,,2333
3820,"BINGO RE",,Roma,Roma,,"Via Siponto, 11",06-77591162,,NULL,massimo.brandi@codere.com,2333
3821,"ORIGINAL MARINES",,NULL,NULL,,,,NULL,NULL,NULL,2334
3822,"OUTSOURCE NOW S.R.L.",,NULL,NULL,,,,NULL,NULL,NULL,2335
3823,"OVS LIBIA",,NULL,NULL,,,,NULL,NULL,NULL,2336
3824,"UPIM CENTRO SINTESI",,NULL,NULL,,,,NULL,NULL,NULL,2336
3825,"OVS ROMA CINECITTA'",,NULL,NULL,,,,NULL,NULL,NULL,2336
3826,"OVS TERMINI KIDS",,NULL,NULL,,,,NULL,NULL,NULL,2336
3827,"OVS TRASTEVERE",,NULL,NULL,,,,NULL,NULL,NULL,2336
3828,"OVS EUR",,Roma,Roma,,,,,NULL,301d@ovs.it,2336
3829,"OVS ROMA - TIBURTINO",,NULL,NULL,,,,NULL,NULL,NULL,2336
3830,"UPIM S.MARIA MAGGIORE",,NULL,NULL,,,,NULL,NULL,NULL,2336
3831,"UPIM PRATI FISCALI",,NULL,NULL,,,,NULL,NULL,NULL,2336
3832,"OVS TIVOLI",,NULL,NULL,,,,NULL,NULL,NULL,2336
3833,"OVS TRIONFALE",,NULL,NULL,,,,,NULL,325d@ovs.it,2336
3834,"UPIM PRIMAVERA",,Roma,Roma,,,,,NULL,1539@ovs.it,2336
3835,"OVS CASTEL ROMANO",,NULL,NULL,,,,NULL,NULL,NULL,2336
3836,"OVS PARCO L. DA VINCI",,NULL,NULL,,,,NULL,NULL,NULL,2336
3837,"OVS ROMANINA",,NULL,NULL,,,,NULL,NULL,NULL,2336
3838,"UPIM AURELIA",,NULL,NULL,,,,NULL,NULL,NULL,2336
3839,"OVS FASANO KIDS",,NULL,NULL,,,,NULL,NULL,NULL,2336
3840,"OVS TORRINO",,NULL,NULL,,,,NULL,NULL,NULL,2336
3841,"OVS COLLATINA - C.C. AUCHAN",,NULL,NULL,,,,NULL,NULL,NULL,2336
3842,"OVS CASAL BERTONE",,NULL,NULL,,,,NULL,NULL,NULL,2336
3843,"OVS PRIMAVERA",,Roma,Roma,,,,,NULL,,2336
3844,"OVS VIA APPIA 181",,Roma,Roma,,,,,NULL,,2336
3845,"OVS SAN PAOLO",,Roma,Roma,,,,,NULL,324d@ovs.it,2336
3846,"OVS BUFALOTTA",,NULL,NULL,,,,NULL,NULL,NULL,2336
3847,"OVS MAXIMO 4944",,Roma,Roma,,,,,NULL,4944d@ovs.it,2336
3848,"UPIM PORTA DI ROMA",,NULL,NULL,,,,NULL,NULL,NULL,2336
3849,"P.STOP SRL",,NULL,NULL,,,,NULL,NULL,NULL,2337
3850,"FIANO ROMANO",,NULL,NULL,,,,NULL,NULL,NULL,2338
3851,"PAC 2000 SOC. COOPERATIVA",,NULL,NULL,,,,NULL,NULL,NULL,2338
3852,"HOTEL CASA TRA NOI",,NULL,NULL,,,,NULL,NULL,NULL,2339
3853,PAGANINI,,NULL,NULL,,,,NULL,NULL,NULL,2340
3854,"PALOMBINI EUR SRL",,NULL,NULL,,,,NULL,NULL,NULL,2341
3855,"PALOMBINI RICEVIMENTI SRL",,NULL,NULL,,,,NULL,NULL,NULL,2342
3856,"PANORAMA FORMELLO 0767",,NULL,NULL,,,,NULL,NULL,NULL,2343
3857,"PAM LAURENTINA",,Roma,Roma,,,,,NULL,,2343
3858,"PANORAMA AURELIA 3309",,NULL,NULL,,,,NULL,NULL,NULL,2343
3859,"PAM OSTIA LIDO 3314",,Roma,Roma,,,,,NULL,,2343
3860,"PANORAMA GRANAI 3303",,NULL,NULL,,,,NULL,NULL,NULL,2343
3861,"PANORAMA NETTUNO 3011",,NULL,NULL,,,,NULL,NULL,NULL,2343
3862,"PANORAMA LUNGHEZZA 3318",,Roma,Roma,00155,"Via Collatina, 858",06227811,,NULL,pano0570.direzione@gruppopam.it,2343
3863,"PANORAMA TIBURTINA 3313",,Roma,Roma,,,,,NULL,,2343
3864,"PAM PANORAMA CASSINO",,Cassino,Frosinone,,,,,NULL,,2343
3865,"PAM TORRINO 3302",,NULL,NULL,,,,NULL,NULL,NULL,2343
3866,"PAM ACILIA 3009",,Roma,Roma,,,,,NULL,pam0633.direzione@grouppam.it,2343
3867,PANORAMA,,NULL,NULL,,,,NULL,NULL,NULL,2343
3868,"PAM BUFALOTTA",,Roma,Roma,,,,,NULL,,2343
3869,"PAM SANTA MARINELLA",,NULL,NULL,,,,NULL,NULL,NULL,2343
3870,PANAPESCA,,NULL,NULL,,,,NULL,NULL,NULL,2344
3871,"PANIFICIO NUR SRL (CIVITAVECCHIA)",,Civitavecchia,Roma,,,,,NULL,,2345
3872,PAPALINI,,NULL,NULL,,,,NULL,NULL,NULL,2346
3873,"PARCHEGGIARE SRL",,NULL,NULL,,,,NULL,NULL,NULL,2347
3874,"PTS S.r.l.",,NULL,NULL,,,,NULL,NULL,NULL,2348
3875,"PARK HOTEL VILLA GRAZIOLI",,NULL,NULL,,,,NULL,NULL,NULL,2349
3876,"WHITESTAR SRL",,NULL,NULL,,,,NULL,NULL,NULL,2350
3877,P.D.,,NULL,NULL,,,,NULL,NULL,NULL,2351
3878,"PATRIMI ITALIA - EUROMA 2",,NULL,NULL,,,,NULL,NULL,NULL,2352
3879,"PAYMENT SERV.LIMITED",,NULL,NULL,,,,NULL,NULL,NULL,2353
3880,"PC CUBE S.R.L.",,NULL,NULL,,,,NULL,NULL,NULL,2354
3881,"PEDEVILLA IBM",,NULL,NULL,,,,NULL,NULL,NULL,2355
3882,"PEDEVILLA MEDIASET TITANUS",,NULL,NULL,,,,NULL,NULL,NULL,2355
3883,PEDEVILLA,,NULL,NULL,,,,NULL,NULL,NULL,2355
3884,"MC CIVITAVECCHIA",,NULL,NULL,,,,NULL,NULL,NULL,2356
3885,"MC LADISPOLI",,NULL,NULL,,,,NULL,NULL,NULL,2356
3886,"PEGASO SECURITY S.P.A.",,Roma,Roma,,,,,NULL,,2357
3887,"PELLEGRINI (SANTA MARINELLA)",,Civitavecchia,Roma,,,,,NULL,,2358
3888,PELLEGRINI,,Roma,Roma,,,,,NULL,,2359
3889,"PENNY CIPRO",,NULL,NULL,,,,NULL,NULL,NULL,2360
3890,"PENNY MAGLIANA",,NULL,NULL,,,,NULL,NULL,NULL,2360
3891,"PENNY FORANO",,Roma,Roma,,,,,NULL,,2360
3892,"PENNY VIA ETRURIA (SAN GIOVANNI)",,Roma,Roma,,,,,NULL,,2360
3893,"PENNY VIA PRENESTINA",,Roma,Roma,,,,,NULL,,2360
3894,"PENNY VIA BALDUINA",,NULL,NULL,,,,NULL,NULL,NULL,2360
3895,"PENNY VIA L'AQUILA - P.ZZALE PRENESTINO",,Roma,Roma,,,,,NULL,,2360
3896,"PENNY CASTANI",,NULL,NULL,,,,NULL,NULL,NULL,2360
3897,"PENNY P.ZZA CARLO MAZZARESI",,NULL,NULL,,,,NULL,NULL,NULL,2360
3898,"PENNY VIA ROSSETTI",,NULL,NULL,,,,NULL,NULL,NULL,2360
3899,"PENNY CASAL DEL MARMO",,NULL,NULL,,,,NULL,NULL,NULL,2360
3900,PERRIGO,,NULL,NULL,,,,NULL,NULL,NULL,2361
3901,"CASAL BERTONE",,Roma,Roma,,,,,NULL,ilaria.fabrizi@iper.pac2000a.it,2362
3902,"PORTA DI ROMA",,NULL,NULL,,,,NULL,NULL,NULL,2362
3903,PIEMME,,NULL,NULL,,,,NULL,NULL,NULL,2363
3904,"PLANET GAME 2001",,NULL,NULL,,,,NULL,NULL,NULL,2364
3905,"POLIZIOTTO NOTTURNO",,NULL,NULL,,,,NULL,NULL,NULL,2365
3906,"PONTIFICIO ATENEO SALESIANO",,NULL,NULL,,,,NULL,NULL,NULL,2366
3907,"PORT AUTHORITY SECURITY",,Civitavecchia,Roma,,,,,NULL,,2367
3908,"RIVA DI TRAIANO",,Civitavecchia,Roma,,,,,NULL,,2368
3909,"MEDIAWORLD PRIMAVERA",,NULL,NULL,,,,NULL,NULL,NULL,2369
3910,"BIMBO STORE",,Roma,Roma,,,,,NULL,bs.roma@bimbostore.com,2370
3911,TOYS,,NULL,NULL,,,,NULL,NULL,NULL,2370
3912,"PRENATAL SPA",,NULL,NULL,,,,NULL,NULL,NULL,2370
3913,"PRESTIGE SRL",,NULL,NULL,,,,NULL,NULL,NULL,2371
3914,"PRESTITO 24 SRL",,NULL,NULL,,,,NULL,NULL,NULL,2372
3915,WUPSIL,,NULL,NULL,,,,NULL,NULL,NULL,2373
3916,"PRIMADONNA S.P.A.",,Roma,Roma,,,,,NULL,,2374
3917,"MC PALAIA",,NULL,NULL,,,,NULL,NULL,NULL,2375
3918,"MC DE LA SALLE",,NULL,NULL,,,,NULL,NULL,NULL,2375
3919,"MC NAZIONALE",,NULL,NULL,,,,NULL,NULL,NULL,2375
3920,"SMA PRIMAVERA",,NULL,NULL,,,,NULL,NULL,NULL,2376
3921,DONNAPIU',,NULL,NULL,,,,NULL,NULL,NULL,2377
3922,"S.GIOVANNA ANTIDA DELLE SUORE",,NULL,NULL,,,,NULL,NULL,NULL,2378
3923,PULISERIN,,NULL,NULL,,,,NULL,NULL,NULL,2379
3924,"PULISERVICE ITALIA",,NULL,NULL,,,,NULL,NULL,NULL,2380
3925,"HT MEDITERRANEO",,NULL,NULL,,,,NULL,NULL,NULL,2380
3926,"HT MASSIMO D'AZEGLIO",,NULL,NULL,,,,NULL,NULL,NULL,2380
3927,PUMA,,NULL,NULL,,,,NULL,NULL,NULL,2381
3928,"WESTIN EXCELSIOR",,Roma,Roma,,,,,NULL,,2382
3929,"HOTEL EXCELSIOR",,Roma,Roma,,,,,NULL,,2382
3930,QUAS,,NULL,NULL,,,,NULL,NULL,NULL,2383
3931,"RANGERS S.R.L.",,NULL,NULL,,,,NULL,NULL,NULL,2384
3932,"RE ITALY 21 SRL",,NULL,NULL,,,,NULL,NULL,NULL,2385
3933,"RE ITALY SRL",,NULL,NULL,,,,NULL,NULL,NULL,2386
3934,"REAR S.C.",,NULL,NULL,,,,NULL,NULL,NULL,2387
3935,REGINAL,,NULL,NULL,,,,NULL,NULL,NULL,2388
3936,"HT S.REGIS",,Roma,Roma,,,,,NULL,,2389
3937,rekeep,,NULL,NULL,,,,NULL,NULL,NULL,2390
3938,"RETAIL GROUP",,NULL,NULL,,,,NULL,NULL,NULL,2391
3939,"RETAIL ITALIA NETWORK",,NULL,NULL,,,,NULL,NULL,NULL,2392
3940,"ENEA FRASCATI",,NULL,NULL,,,,NULL,NULL,NULL,2393
3941,R.P.R.,,NULL,NULL,,,,NULL,NULL,NULL,2394
3942,"RISORSE SRL",,NULL,NULL,,,,NULL,NULL,NULL,2395
3943,"ROAD HOUSE TIBURTINA",,NULL,NULL,,,,NULL,NULL,NULL,2396
3944,"ROAD HOUSE (ROAD HOUSE GRILL ROMA S.R.L.)",,NULL,NULL,,,,NULL,NULL,NULL,2396
3945,"ROAD HOUSE ARDEATINA",,Roma,Roma,,,,,NULL,Roma.ardeatina@roadhouse.it,2396
3946,"ROAD HOUSE",,Roma,Roma,,,,,NULL,,2397
3947,"HOTEL DE RUSSIE",,Roma,Roma,,,,,NULL,,2398
3948,"PALAZZO NAIADI",,NULL,NULL,,,,NULL,NULL,NULL,2399
3949,"ROMA CONVENTION GROUP S.p.A.",,NULL,NULL,,,,NULL,NULL,NULL,2400
3950,"ROMA UNION SECURITY",,NULL,NULL,,,,NULL,NULL,NULL,2401
3951,"ROMA VIA DEL CORSO SRL",,NULL,NULL,,,,NULL,NULL,NULL,2402
3952,"ROMAN 14",,NULL,NULL,,,,NULL,NULL,NULL,2403
3953,"ROMANA DIESEL",,Roma,Roma,,,,,NULL,PERSONALE@ROMANADIESEL.TELECOMPOST.IT,2404
3954,"ROSATI AUTO",,NULL,NULL,,,,NULL,NULL,NULL,2405
3955,"HOTEL UNIVERSO",,NULL,NULL,,,,NULL,NULL,NULL,2406
3956,"ROYAL SAS",,NULL,NULL,,,,NULL,NULL,NULL,2407
3957,"RUBIC SRL",,NULL,NULL,,,,NULL,NULL,NULL,2408
3958,"MARRIOTT PARK HOTEL",,NULL,NULL,,,,NULL,NULL,NULL,2409
3959,"S GAMES SRL",,NULL,NULL,,,,NULL,NULL,NULL,2410
3960,"S.C.R. GROUP SRL",,NULL,NULL,,,,NULL,NULL,NULL,2411
3961,KIABI,,NULL,NULL,,,,NULL,NULL,NULL,2412
3962,"HOTEL ROSE GARDEN PALACE",,NULL,NULL,,,,NULL,NULL,NULL,2413
3963,S.I.M.I.,,NULL,NULL,,,,NULL,NULL,NULL,2414
3964,"S. ITALIA",,Roma,Roma,,,,,NULL,,2415
3965,"MC TOR BELLA MONACA",,NULL,NULL,,,,NULL,NULL,NULL,2416
3966,"MC CASILINA",,Roma,Roma,,,,,NULL,it-00346@restaurant.it.mcd.com,2416
3967,"MC TOR VERGATA",,Roma,Roma,,,,,NULL,,2416
3968,"SABA ITALIA",,NULL,NULL,,,,NULL,NULL,NULL,2417
3969,"SAFETY KLEEN",,NULL,NULL,,,,NULL,NULL,NULL,2418
3970,SALESFORCE.COM,,NULL,NULL,,,,NULL,NULL,NULL,2419
3971,"FERRAGAMO APT FIUMICINO",,NULL,NULL,,,,NULL,NULL,NULL,2420
3972,"VIA CONDOTTI",,NULL,NULL,,,,NULL,NULL,NULL,2420
3973,"FERRAGAMO VIA CONDOTTI",,NULL,NULL,,,,NULL,NULL,NULL,2420
3974,"HOTEL FLORA",,Roma,Roma,,,,,NULL,,2421
3975,"SAMSIC ITALIA S.P.A.",,NULL,NULL,,,,NULL,NULL,NULL,2422
3976,"RM ACILIA",,NULL,NULL,,,,NULL,NULL,NULL,2423
3977,SANIMPRESA,,NULL,NULL,,,,NULL,NULL,NULL,2424
3978,"SANITER COOP",,NULL,NULL,,,,NULL,NULL,NULL,2425
3979,"SAPIENZA INNOVAZIONE",,NULL,NULL,,,,NULL,NULL,NULL,2426
3980,"SAVE THE CHILDREN",,NULL,NULL,,,,NULL,NULL,NULL,2427
3981,"SCHWABE PHARMA ITALIA",,NULL,NULL,,,,NULL,NULL,NULL,2428
3982,"SECURITAS METRONOTTE",,Roma,Roma,,,,,NULL,ufficio.servizi@grupposecuritas.it,2429
3983,"SECURITAS METRONOTTE (Non Armata)",,NULL,NULL,,,,NULL,NULL,NULL,2430
3984,"SECURITAS VIGILANZA SRL",,NULL,NULL,,,,NULL,NULL,NULL,2431
3985,"SECURITY SERVICE (SERVIZI FIDUCIARI)",,NULL,NULL,,,,NULL,NULL,NULL,2432
3986,"SECURITY SERVICE",,Roma,Roma,,,,,NULL,,2433
3987,SECURITY.IT,,Roma,Roma,,,,,NULL,,2434
3988,"SECURPOOL SRL",,NULL,NULL,,,,NULL,NULL,NULL,2435
3989,SEGESTA,,NULL,NULL,,,,NULL,NULL,NULL,2436
3990,"TODIS TESTACCIO",,NULL,NULL,,,,NULL,NULL,NULL,2437
3991,"SEPHORA ITALIA ",,Roma,Roma,,,,,NULL,,2438
3992,SERENISSIMA,,Roma,Roma,,,,,NULL,,2439
3993,"SERENISSIMA SCUOLA GUARESCHI",,Roma,Roma,,,,,NULL,,2439
3994,"SERVIZI IN COMUNE",,Roma,Roma,,,,,NULL,,2440
3995,"SERVIZI IN RETE 2001",,NULL,NULL,,,,NULL,NULL,NULL,2441
3996,"SERVIZI INTEGRATI",,Roma,Roma,00187,"VIA SISTINA,121",,,NULL,,2442
3997,"SEVITALIA SICUREZZA S.R.L.",,Roma,Roma,,,,,NULL,,2443
3998,"SEVITALIA SICUREZZA (RECEPTION)",,NULL,NULL,,,,NULL,NULL,NULL,2444
3999,"MC ANAGNINA",,NULL,NULL,,,,NULL,NULL,NULL,2445
4000,"SG LOGISTICS SRL",,Frosinone,Frosinone,,,,,NULL,,2446
4001,"SHOES E BAGS COLLECTION SRLS",,NULL,NULL,,,,NULL,NULL,NULL,2447
4002,SDS,,Roma,Roma,,,,,NULL,,2448
4003,"SICURITALIA (SICURITALIA SERVIZI FIDUCIARI SOC.COOP.)",,NULL,NULL,,,,NULL,NULL,NULL,2449
4004,SICURITALIA,,Roma,Roma,00165,"Via Licio Giorgieri, snc","06 66512516",,NULL,,2450
4005,"SICURITALIA - FROSINONE",,Frosinone,Frosinone,,,,,NULL,,2450
4006,"SIENA DISTRIBUZIONE SRL",,Civitavecchia,Roma,,,,,NULL,,2451
4007,SILICONDEV,,NULL,NULL,,,,NULL,NULL,NULL,2452
4008,"SIN SPA",,NULL,NULL,,,,NULL,NULL,NULL,2453
4009,SIRIO,,Roma,Roma,,,,,NULL,,2454
4010,"SISTEMI DI SICUREZZA",,NULL,NULL,,,,NULL,NULL,NULL,2455
4011,"SKS 365 MALTA LIMITED",,NULL,NULL,,,,NULL,NULL,NULL,2456
4012,SM,,NULL,NULL,,,,NULL,NULL,NULL,2457
4013,"SMILE ROMA MARKET - BOLOGNA",,NULL,NULL,,,,NULL,NULL,NULL,2458
4014,"SMILE ROMA - PROVINCE",,NULL,NULL,,,,NULL,NULL,NULL,2458
4015,"SMILE - IPPOCRATE",,NULL,NULL,,,,NULL,NULL,NULL,2458
4016,"SO.CHI.MA SRL - CASILINA",,NULL,NULL,,,,NULL,NULL,NULL,2459
4017,"ARTWARE SERVICES",,NULL,NULL,,,,NULL,NULL,NULL,2460
4018,"SOCCER SRL",,Roma,Roma,,,,,NULL,,2461
4019,"SOC.COOP. SOCIALE M.MONTESSORI",,NULL,NULL,,,,NULL,NULL,NULL,2462
4020,"HOTEL BERNINI BRISTOL",,NULL,NULL,,,,NULL,NULL,NULL,2463
4021,"SOCIO SANITARIA POMEZIA",,NULL,NULL,,,,NULL,NULL,NULL,2464
4022,"SODEXO NISSAN CAPENA",,NULL,NULL,,,,NULL,NULL,NULL,2465
4023,"SODEXO IBM ITALIA",,NULL,NULL,,,,NULL,NULL,NULL,2465
4024,SODEXO,,NULL,NULL,,,,NULL,NULL,NULL,2465
4025,"SODEXO SERVIER ITALIA",,NULL,NULL,,,,NULL,NULL,NULL,2465
4026,"SODEXO ALFASIGMA",,NULL,NULL,,,,NULL,NULL,NULL,2465
4027,"SODEXO CC SODEXIM",,NULL,NULL,,,,NULL,NULL,NULL,2465
4028,"SODEXO RENAULT ROMA",,NULL,NULL,,,,NULL,NULL,NULL,2465
4029,"SODEXO PFIZER",,NULL,NULL,,,,NULL,NULL,NULL,2465
4030,"SODEXO CATALENT ITALY",,NULL,NULL,,,,NULL,NULL,NULL,2465
4031,"SODEXO MERCEDES",,NULL,NULL,,,,NULL,NULL,NULL,2465
4032,"SODEXO LOTTOMATICA",,NULL,NULL,,,,NULL,NULL,NULL,2465
4033,"SODEXO TOYOTA MOTOR IT",,NULL,NULL,,,,NULL,NULL,NULL,2465
4034,"SODEXO GENERAL MOTORS",,NULL,NULL,,,,NULL,NULL,NULL,2465
4035,"SODEXO SEMIKRON",,NULL,NULL,,,,NULL,NULL,NULL,2465
4036,"SODEXO VILLA DELLE QUERCE",,NULL,NULL,,,,NULL,NULL,NULL,2465
4037,SOGEST,,NULL,NULL,,,,NULL,NULL,NULL,2466
4038,"SOLID. E LAVORO",,NULL,NULL,,,,NULL,NULL,NULL,2467
4039,"SONEPAR MAGLIANA",,NULL,NULL,,,,NULL,NULL,NULL,2468
4040,"SONEPAR ITALIA CENTRO LOGISTICO",,Pomezia,Roma,00071,"VIA DELLA SIDERURGIA 30",0691820811,,NULL,fabio.malatesta@sonepar.it,2468
4041,"SONEPAR OSTIA",,NULL,NULL,,,,NULL,NULL,NULL,2468
4042,"SONEPAR CASILINA",,NULL,NULL,,,,NULL,NULL,NULL,2468
4043,"SONEPAR CIAMPINO",,NULL,NULL,,,,NULL,NULL,NULL,2468
4044,"SONEPAR BOCCEA",,NULL,NULL,,,,NULL,NULL,NULL,2468
4045,"SONEPAR POMEZIA",,NULL,NULL,,,,NULL,NULL,NULL,2468
4046,SOTUR,,NULL,NULL,,,,NULL,NULL,NULL,2469
4047,"SPORT FASHION SERVICE",,NULL,NULL,,,,NULL,NULL,NULL,2470
4048,"SPRING 2016",,NULL,NULL,,,,NULL,NULL,NULL,2471
4049,"HOTEL METROPOLE",,Roma,Roma,,,,,NULL,,2472
4050,"HOTEL MICHELANGELO",,Roma,Roma,,,,,NULL,housekeeping.michelangelo.rm@starhotels.it,2472
4051,STEDA,,NULL,NULL,,,,NULL,NULL,NULL,2473
4052,STELAC,,NULL,NULL,,,,NULL,NULL,NULL,2474
4053,"STILE LIBERO",,NULL,NULL,,,,NULL,NULL,NULL,2475
4054,STM,,NULL,NULL,,,,NULL,NULL,NULL,2476
4055,"STROILI ORO",,NULL,NULL,,,,NULL,NULL,NULL,2477
4056,STRYKER,,NULL,NULL,,,,NULL,NULL,NULL,2478
4057,SLT,,NULL,NULL,,,,NULL,NULL,NULL,2479
4058,"STUDIO MAJOLINO",,NULL,NULL,,,,NULL,NULL,NULL,2480
4059,"EX GS P.ZZA ESCHILO",,NULL,NULL,,,,NULL,NULL,NULL,2481
4060,"SUPERPOL VIGILANZA S.R.L.",,Roma,Roma,,,,,NULL,,2482
4061,"SYSTEM DATA",,NULL,NULL,,,,NULL,NULL,NULL,2483
4062,COLLATINA,,Roma,Roma,,,,,NULL,,2484
4063,"TEAM SERVICE",,NULL,NULL,,,,NULL,NULL,NULL,2485
4064,"TECNO SERVICE CAMERE SCPA",,NULL,NULL,,,,NULL,NULL,NULL,2486
4065,"TECNOMEETING S.R.L.",,NULL,NULL,,,,NULL,NULL,NULL,2487
4066,"TELEBUNA SRL",,NULL,NULL,,,,NULL,NULL,NULL,2488
4067,"THC ITALIA SRL",,NULL,NULL,,,,NULL,NULL,NULL,2489
4068,"FLYNG TIGER COPENAGHEN",,NULL,NULL,,,,NULL,NULL,NULL,2490
4069,"TITANO SERVIZI S.R.L.",,NULL,NULL,,,,NULL,NULL,NULL,2491
4070,"TO MAKE FASHION GROUP SRL",,NULL,NULL,,,,NULL,NULL,NULL,2492
4071,"TOP SERVICE SRL",,NULL,NULL,,,,NULL,NULL,NULL,2493
4072,"VIA OSTIENSE (TRADICA S.R.L.)",,NULL,NULL,,,,NULL,NULL,NULL,2494
4073,"TRAVELPORT ITALIA S.R.L.",,NULL,NULL,,,,NULL,NULL,NULL,2495
4074,"TRIUMPH INTERNATIONAL ROME S.p.A.",,NULL,NULL,,,,NULL,NULL,NULL,2496
4075,UDISENS,,NULL,NULL,,,,NULL,NULL,NULL,2497
4076,"UIL DI ROMA E DEL LAZIO",,NULL,NULL,,,,NULL,NULL,NULL,2498
4077,"UIL RUA",,NULL,NULL,,,,NULL,NULL,NULL,2499
4078,UILTEMP,,NULL,NULL,,,,NULL,NULL,NULL,2500
4079,"UILTEMP LAZIO",,NULL,NULL,,,,NULL,NULL,NULL,2501
4080,UILTuCS,,NULL,NULL,,,,NULL,NULL,NULL,2502
4081,UIM,,NULL,NULL,,,,NULL,NULL,NULL,2503
4082,"UNICOOP EUR",,Roma,Roma,,,,,NULL,,2504
4083,UNICOOP-LAURENTINO,,Roma,Roma,,,,,NULL,,2504
4084,"UNICOOP POMEZIA",,NULL,NULL,,,,NULL,NULL,NULL,2504
4085,"UNICOOP COLLEFERRO",,NULL,NULL,,,,NULL,NULL,NULL,2504
4086,"UNICOOP COLLI ANIENE",,NULL,NULL,,,,NULL,NULL,NULL,2504
4087,UNICOOP,,Roma,Roma,,,,,NULL,,2504
4088,"UNICOOP FIUGGI",,NULL,NULL,,,,NULL,NULL,NULL,2504
4089,UNIEURO,,NULL,NULL,,,,NULL,NULL,NULL,2505
4090,UIL,,NULL,NULL,,,,NULL,NULL,NULL,2506
4091,"UNIVERSITA' AGRARIA CIVITAVECCHIA",,NULL,NULL,,,,NULL,NULL,NULL,2507
4092,"UNO SRL",,NULL,NULL,,,,NULL,NULL,NULL,2508
4093,"URBE VIGILANZA S.P.A.",,Roma,Roma,00155,"VIA ANDREA NOALE",,,NULL,ufficioprogrammazione@urbevigilanza.it,2509
4094,"URBE VIGILANZA SPA (FIDUCIARI)",,Roma,Roma,00155,"VIA ANDREA NOALE",,,NULL,,2510
4095,URTISTI,,Roma,Roma,,,,,NULL,,2511
4096,"RM TOR BELLA MONACA",,NULL,NULL,,,,NULL,NULL,NULL,2512
4097,"RM RE DI ROMA",,NULL,NULL,,,,NULL,NULL,NULL,2512
4098,"VALENTINO S.P.A.",,Milano,Milano,,,,,NULL,,2513
4099,"VALUES ON SRL",,NULL,NULL,,,,NULL,NULL,NULL,2514
4100,"VARP SRL",,NULL,NULL,,,,NULL,NULL,NULL,2515
4101,"VELLETRI SERV.",,NULL,NULL,,,,NULL,NULL,NULL,2516
4102,"VELOX SERVIZI",,Roma,Roma,,,,,NULL,,2517
4103,"VENERE SRL",,NULL,NULL,,,,NULL,NULL,NULL,2518
4104,"VERATOUR S.P.A",,NULL,NULL,,,,NULL,NULL,NULL,2519
4105,VERISURE,,NULL,NULL,,,,NULL,NULL,NULL,2520
4106,"VIASKY S.R.L.",,NULL,NULL,,,,NULL,NULL,NULL,2521
4107,"VIRGIN ACTIVE ",,Roma,Roma,,,,,NULL,,2522
4108,"VIVENDA SPA",,Roma,Roma,,,,,NULL,,2523
4109,"WELFARE SRL",,NULL,NULL,,,,NULL,NULL,NULL,2524
4110,WURSI,,NULL,NULL,,,,NULL,NULL,NULL,2525
4111,"WEX EUROPE SERVICES SRL",,Roma,Roma,,,,,NULL,,2526
4112,"MC L. DA VINCI",,Fiumicino,Roma,,,,,NULL,,2527
4113,"YES HOTEL SRL",,NULL,NULL,,,,NULL,NULL,NULL,2528
4114,"YOUR SALES SRL",,NULL,NULL,,,,NULL,NULL,NULL,2529
4115,"ZENITH SERVICES GROUP",,Roma,Roma,,,,,NULL,,2530
4116,"ZENZERO SOC.COOP.",,NULL,NULL,,,,NULL,NULL,NULL,2531
4117,"ZEROCENTO SPA",,NULL,NULL,,,,NULL,NULL,NULL,2532
4118,"RM COLLEFERRO",,NULL,NULL,,,,NULL,NULL,NULL,2533
4119,"SMA OSTIA CASANA",,Roma,Roma,,,,,NULL,,2534
4120,"EFFEDUEGI GROUP",,NULL,NULL,,,,,NULL,,2535
4121,"OVS RM CASILINO (1367)",,NULL,NULL,,,,,NULL,,2336
4122,"LAURA IANNUZZI SRL",,NULL,NULL,,,,,NULL,,2536
4123,"CONAD ANAGNINA",,NULL,NULL,,,,,NULL,,2537
4124,"METROSERVICE SPA",,NULL,NULL,,,,,NULL,,2538
4125,"ESARDEA SRL",,Roma,Roma,,,,,NULL,,2539
4126,"TIGRE - TERMINI 945",,NULL,NULL,,,,,NULL,,2263
4127,"TIGRE - VIA D.MENICHELLA",,NULL,NULL,,,,,NULL,,2263
4128,"EMME PIU' CIAMPINO",,NULL,NULL,,,,,NULL,,2081
4129,"MC MARCIANISE",,NULL,NULL,,,,,NULL,,2280
4131,"MC PASSO CORESE",,NULL,NULL,,,,,NULL,,2053
4132,"MC FORMIA",,NULL,NULL,,,,,NULL,,2280
4133,"ELIOR CENTRO - SUD",,NULL,NULL,,,,,NULL,,2079
4134,"P.G.MELANIE KLEIN COOP. (CIVITAVECCHIA)",,Civitavecchia,Roma,,,,,NULL,,2540
4135,"ALLE FRATTE DI TRASTEVERE",,NULL,NULL,,,,,NULL,,2541
4136,"IKEA S.GIOVANNI",,NULL,NULL,,,,,NULL,,2206
4137,"ROADHOUSE SALARIA",,NULL,NULL,,,,,NULL,,2396
4138,"MY CHEF","ADS SALARIA",NULL,NULL,,,,,NULL,,2542
4139,"CEF COOPERATIVE ESERCENTI FARMACIE",,Roma,Roma,00155,"VIA COLLATINA 423",,,NULL,,2543
4140,"SODEXO ITALIA SPA",,NULL,NULL,,,,,NULL,,2544
4141,"CREDIV ",,Frosinone,Frosinone,,,,,NULL,,2545
4142,"IMPRESERVICE SOC.COOP.",,NULL,NULL,,,,,NULL,,2546
4143,"A.G.A. SOC.COOP. - CIVITAVECCHIA",,Civitavecchia,Roma,,,,,NULL,,2547
4144,"LASERVICE SRL",,Roma,Roma,,,,,NULL,,2548
4145,O.A.M.,,Roma,Roma,,,,,NULL,,2549
4146,"AURORA SERVIZI SRLS",,NULL,NULL,,,,,NULL,,2550
4147,"SPIN SRL",,NULL,NULL,,,,,NULL,,2551
4148,"CLAIRE'S ITALY SRL (CIVITAVECCHIA)",,Civitavecchia,Roma,,,,,NULL,,2552
4149,"ROYAL BLE TRAVEL  SOC.COOP.ARL",,NULL,NULL,,,,,NULL,,2553
4150,"GLOBAL SERVICE SRL",,NULL,NULL,,,,,NULL,,2554
4151,ITALREST,,NULL,NULL,,,,,NULL,,2555
4152,"B.S.F. ",,NULL,NULL,00198,"P.ZZA GIUSEPPE VERDI 4 ",06858211,,NULL,,2556
4153,"ELSI STORE - VIA ARCHIMEDE",,Roma,Roma,,,,,NULL,,2557
4154,"AURORA SERVIZI",,NULL,NULL,,,,,NULL,,2550
4155,"JD SPORTS  - TOR VERGATA",,NULL,NULL,,,,,NULL,,2559
4156,"FARMACIA DEL SERAFICO",,NULL,NULL,,,,,NULL,,2560
4157,"DICO ACILIA 2",,NULL,NULL,,,,,NULL,,2061
4158,"TAKKO FASHION - FROSINONE",,Frosinone,Frosinone,,,,,NULL,,2561
4159,"AGESCI P.ZZA PASQUALE PAOLI 18",,Roma,Roma,,,,,NULL,,2562
4160,"ALESSANDERX VIA SALARIA 85-87",,NULL,NULL,,,,,NULL,,2563
4161,"Marriott Fiumicino Park",,Fiumicino,Roma,,,,,NULL,,2564
4162,"MEDAGLIE D'ORO",,NULL,NULL,,,,,NULL,,2565
4163,"GREEN ISLAND",,NULL,NULL,,,,,NULL,,2566
4164,"EUROPOLICE SRL",,NULL,NULL,,,,,NULL,,2567
4165,"SEPHORA - CIVITAVECCHIA",,Civitavecchia,Roma,,,,,NULL,,2438
4166,"MORESCHI S.P.A.",,NULL,NULL,,,,,NULL,,2568
4167,"MONDADORI APRILIA",,NULL,NULL,,,,,NULL,,2300
4168,"EUROSPIN TOR TRE TESTE",,NULL,NULL,,,,,NULL,,2093
4169,NAIADI,"Anantara Palazzo Naiadi Rome Hotel",Roma,Roma,00185,"P.za della Repubblica, 48",,,NULL,,2569
4170,"BINGO RITZ VIALE SOMALIA",,NULL,NULL,,,,,NULL,,2570
4171,"Remote Italia S.r.l.",,Roma,Roma,00195,"Via Antonio Baiamonti 10",,08824611001,NULL,info@remoteitalia.com,2571
4172,"JOB SOLUTION SOC.COOP.",,NULL,NULL,,,,,NULL,,2572
4173,"PASTIFICIO RANA S.P.A.",,NULL,NULL,,,,,NULL,,2573
4175,"RDC DI DE CASTRIS RINALDO - VIA VITTORIO VENETO 22",,Roma,Roma,00187,,,,NULL,,2575
4176,"UNIAT APS NAZIONALE - VIA CASTELFIDARDO 43",,Roma,Roma,,,,,NULL,,2576
4177,"UNIEURO UNIROMA 2",,Roma,Roma,,,,,NULL,,2505
4178,"ALES - G.N.A.M.",,Roma,Roma,,,,,NULL,,1917
4179,"T-BONE SRL C.SO FRANCIA",,Roma,Roma,,,,,NULL,,2577
4180,"FAST EAT ITALY SRL - G.R.A.",,Roma,Roma,00166,"AUTOSTRADA A91 KM 5.635",063090613,,NULL,,2579
4181,"F.P. VIGILANZA ITALIA SRL",,Roma,Roma,,,,,NULL,,2580
4182,"PRESTIGE SRL (SERV.FIDUCIARI)",,NULL,NULL,,,,,NULL,,2581
4183,"SECURITY LAB SRLS",,Roma,Roma,,,,,NULL,,2582
4184,"LEROY MERLIN - PORTA DI ROMA",,Roma,Roma,00139,"Via Casale Redicicoli, 551",,,NULL,run.portadiroma@leroymerlin.it,2583
4185,"LEROY MERLIN - FIUMICINO",,Fiumicino,Roma,00054,"Via Alessandro Volta, 56","+39 06 4577 1800",,NULL,run.fiumicino@leroymerlin.it,2583
4186,"LEROY MERLIN - TIBURTINA",,Roma,Roma,00131,"Via Giacomo Peroni (Tecnopolo)","+39 06 4577 9570",,NULL,run.tiburtina@leroymerlin.it,2583
4187,"DUSSMANN - POMEZIA",,Pomezia,Roma,,,,,NULL,,2073
4188,"PELLEGRINI SPA - POMEZIA",,Pomezia,Roma,,,,,NULL,,2359
4189,"FONDO PERSEO SIRIO",,Roma,Roma,,,,,NULL,,2584
4190,"UILTuCS - Ufficio Vertenze",,Roma,Roma,00184,"Via Cavour, 147",,,NULL,roma@uiltucs.eu,2585
4191,"EUROSPIN COCCIANO",,Roma,Roma,,,,,NULL,,2093
4192,"LOLO S.A.S. DI MATTEO TERRIZZI & C.",,Civitavecchia,Roma,,,,,NULL,,2586
4193,"MY CHEF SALARIA EST",,Roma,Roma,,"A1 Diramazione Roma Nord km 21",,,NULL,,2310
4194,"SODEXO UNILEVER",,Roma,Roma,,,,,NULL,,2465
4196,"AMAZON FCO2 COLLEFERRO",,Colleferro,Roma,,,,,NULL,,2510
4197,"VERUX SECURITY SRL",,Roma,Roma,00169,"VIA ROBERTO FANCELLI, 177",067233614,,NULL,,2587
4198,"JACADI ITALY SRL",,Roma,Roma,,,,,NULL,,2588
4199,"OPERBINGO MAGLIANA",,"Magliano Romano",Roma,,,,,NULL,,2333
4200,"MAIORANA - ROMANINA",,Roma,Roma,,"VIA BERNARDINO ALIMENA 83",,,NULL,,2266
4201,"EMMEPIU' CAPENA",,Capena,Roma,,,,,NULL,,2081
4202,"FINTEX - RINASCENTE PIAZZA FIUME",,Roma,Roma,,,,,NULL,,2589
4203,"H&M C/O MAXIMO",,Roma,Roma,,,,,NULL,,2590
4204,ENPAF,,Roma,Roma,,,,,NULL,,2591
4205,"POLIZIOTTO NOTTURNO (FROSINONE)",FROSINONE,Frosinone,Frosinone,,,,,NULL,POLIZIOTTONOTTURNO@CASELLACERTIFICATA.IT,2365
4206,"EMME PIU' A52 CESANO",,Roma,Roma,,,,,NULL,,2081
4207,"BRICOFER SERVIZI SRL",,Roma,Roma,,,,,NULL,,2592
4208,"EMME PIU' LARIANO",,Lariano,Roma,,,,,NULL,,2081
4209,"GESTIONE ORIZZONTI SRL",,Roma,Roma,,,,,NULL,,2593
4210,"A.P.R.E. ",,Roma,Roma,,"Via Cavour 71",,,NULL,,2594
4211,"LUCKY SRL",,Roma,Roma,,,,,NULL,,2595
4212,"CLUB MEDICI ITALIA SRL",,Roma,Roma,,,,,NULL,,2596
4213,"TIGER ITALIA 1 SRL - TIBURTINA",,Roma,Roma,,,,,NULL,,2597
4214,"FAST EAT EATALY - SAN FILIPPO NERI",,Roma,Roma,,,,,NULL,,2579
4215,"RIVARENO S.P.A.",,Roma,Roma,,,,,NULL,,2598
4216,"SIX SENSES RESORTS",,Roma,Roma,00187,"PIAZZA S.MARCELLO",0686814000,,NULL,,2599
4217,"RENT MAX SPA",,Roma,Roma,,,,,NULL,,2600
4218,"FARMACIA RIACE SRL",,Roma,Roma,,,,,NULL,,2601
4219,"FARMACIA MOSTACCI SNC",,Roma,Roma,,,,,NULL,,2602
4220,"VIGILANZA UMBRA MONDIALPOL S.P.A.",,Rieti,Rieti,02100,"VIA DI VILLA MARI 1",0755170000,,NULL,,2603
4221,"MC  TERMINI FORUM",,Roma,Roma,,,,,NULL,it-00165@restaurant.it.mcd.com,2416
4222,"MCDONALD'S PARCHI DELLA COLOMBO",,Roma,Roma,,,,,NULL,it-00134@restaurant.it.mcd.com,2231
4223,"G.S.N. GESTIONE SICUREZZA NUGNES SRL",,Anagni,Frosinone,03612,"VIA CANGIANO 2",,,NULL,,2604
4224,"BAR SANT'E' DI LA MACCHIA SANTA",,Roma,Roma,,,,,NULL,,2605
4225,"ATAS 21 S.R.L. - CESANO",,Roma,Roma,00123,"VIA DI BACCANELLO 316",0689413454,,NULL,,2606
4227,"MCDONALD'S TUSCOLANA",,Roma,Roma,,,,,NULL,it-00121@restaurant.it.mcd.com,2080
4228,"FINLIBRI SRL","FELTRINELLI LIBRERIE EUROMA",Roma,Roma,,,,,NULL,,2607
4229,"ATAS 21 SRL - VIA CASSIA 1056",,Roma,Roma,00189,"VIA CASSIA 1056",0630312959,,NULL,,2606
4230,"EURONICS POMEZIA",,Pomezia,Roma,00071,"VIA NARO 2/4",0622769536,,NULL,,2608
4231,"CASH&CARRY MAIORANA GUIDONIA",,Roma,Roma,00187,"VIA SICILIA 160 ",0688923463,,NULL,,2609
4232,"MAIORANA - GUIDONIA",,"Guidonia Montecelio",Roma,00012,"VIA TENUTA DEL CAVALIERE 1 ",,,NULL,,2266
4233,"H&M VIA TUSCOLANA",,Roma,Roma,00174,"VIA TUSCOLANA 785",,,NULL,,2590
4234,"PALESTRE ITALIANE SRL",,Roma,Roma,,,,,NULL,,2610
4235,"FOOT LOCKER LATINA",,Latina,Latina,,,,,NULL,,2129
4236,"MAJESTIC PET'S SRL",,Roma,Roma,,,,,NULL,,2611
4237,"LA GIADA S.R.L.",,Roma,Roma,00166,"VIA CORNELIA N 158",,,NULL,,2613
4238,"AUSGANG SRL",,Roma,Roma,,,,,NULL,,2614
4239,"CAFFE' TROMBETTA S.P.A.",,Roma,Roma,,,,,NULL,,2612
4240,"ADMIRAL GAMING NETWORK SRL",,Roma,Roma,,,,,NULL,,2615
4241,"FGEL SRL",,Roma,Roma,,,,,NULL,,2616
4243,"EURONICS FROSINONE",,Frosinone,Frosinone,,,,,NULL,,2608
4244,"BRASIL GOMME SRL",,Aprilia,Latina,,,,,NULL,,2618
4245,"GOTTARDO SPA",,Roma,Roma,,,,,NULL,,2619
4246,"FAD FARMA S.R.L.",,Roma,Roma,,,,,NULL,,2620
4247,"DOC MADONNA DEL RIPOSO",,Roma,Roma,,,,,NULL,,2069
4248,"FOOT LOCKER VITERBO",,Viterbo,Viterbo,,,,,NULL,,2129
4249,"C.S. SRL",,Roma,Roma,,,,,NULL,,2621
4250,"H&M VIA DEL CORSO",,Roma,Roma,,,,,NULL,unai.diazfernandez@hm.com,2590
4251,"SANIGEST SOC. CONSORTILE",,Roma,Roma,,,,,NULL,,2622
4252,"DOC MARINO",,Marino,Roma,,,,,NULL,,2069
4253,LIDL-ANAGNI,,Roma,Roma,,,,,NULL,,2623
4254,"DATA VISION - FIUMICINO APT",,Roma,Roma,,,,,NULL,,2624
4255,"MCDONALD'S BORGO PIO",,Roma,Roma,,,,,NULL,,2097
4256,"ANTICA FOCACCERIA - STAZ.TERMINI",,Roma,Roma,,,,,NULL,,2625
4257,"AMAZON CITY LOGISTICA SRL",,Roma,Roma,,"VIA DI PORTONACCIO 50",,,NULL,,2626
4258,"DOC ROMA - BARRILLI",,Roma,Roma,,,,,NULL,,2069
4259,"GE SRL - CORTINA",,Roma,Roma,,,,,NULL,ge.cortina@portal.pac2000a.it,2627
4260,"DORECA STORE SRL - FIUMICINO",,Fiumicino,Roma,,,,,NULL,,2629
4261,"NAPOLEONI MOTOFORNITURE SRL",,Roma,Roma,,,,,NULL,,2630
4262,"UNIVAR SOLUTION SPA",,Roma,Roma,,,,,NULL,,2631
4263,"SUPERMERCATO TRE SRL - PARIOLI",,Roma,Roma,,,,,NULL,,2632
4264,"DUEZETA SRL - VIA BARRILLI",,Roma,Roma,,"VIA BARRILLI",,,NULL,,2633
4265,"ITALPOL S.F. - FROSINONE",,Frosinone,Frosinone,,,,,NULL,,2227
4266,"KSM SPA",,Roma,Roma,90143,"VIA FRA' GIOVANNI PANTALEO, 11",0916202500,,NULL,ksmspa@pec.it,2634
4267,"ALISTORE SRL - TORRINO",,Roma,Roma,,,,,NULL,,2635
4268,"DUEZETA SRL -TIRSO ",,Roma,Roma,,,,,NULL,,2633
4270,"MDC - MURATTE TREVI",,Roma,Roma,,,,,NULL,,2281
4271,"PENNY MARKET SRL - SETTE CHIESE",,Roma,Roma,,,,,NULL,,2360
4272,"CASA DEL TEMPO SOC.COOP. SOCIALE",,Roma,Roma,,,,,NULL,,2636
4273,"MONDOMOTO S.R.L.",,Roma,Roma,00188,"VIA CARLO EMERY 75",,,NULL,,2637
4274,"ZV ITALIA SRL - BOCCA DI LEONE",,Roma,Roma,,"VIA BOCCA DI LEONE 16",066791145,,NULL,,2638
4275,"C.R. MARKET S.P.A. - DOMUS",,Roma,Roma,,,,,NULL,,1990
4276,"DOMLUC SRLS ",,Roma,Roma,00183,"VIA APPIA NUOVA 156",,,NULL,,2639
4277,"LIDL CASAL BIANCO",,Roma,Roma,,,,,NULL,,2247
4278,"BAR OSPEDALE SANT'ANDREA",,Roma,Roma,,,,,NULL,Gma.miriam.cesetti@gmail.com,2641
4279,"GLEMA SRL",,Roma,Roma,,,,,NULL,,2640
4280,"EURO & PROMOS S.P.A. - FROSINONE",,Frosinone,Frosinone,,,,,NULL,,2089
4281,"MARINA DI NETTUNO CIRCOLO NAUTICO",,Anzio,Roma,,,,,NULL,,2642
4282,"SERENISSIMA FROSINONE",,Frosinone,Frosinone,,,,,NULL,,2439
4283,"I-GEAM SERVIZI SRL",,Roma,Roma,,,,,NULL,,2643
4284,"MCDONALD'S TREVI",,Roma,Roma,,,,,NULL,it-00365@restaurant.it.mcd.com,2281
4285,"MAIORANA - VIA TENUTA DEL CAVALIERE",,Roma,Roma,,,,,NULL,,2266
4286,"MAIORANA - VIA BOLOGNOLA",,Roma,Roma,,,,,NULL,,2266
4287,"SETTEBAGNI INT.",,Roma,Roma,,,,,NULL,,2265
4288,"PANTHEON ICONIC ROME",,Roma,Roma,,,,,NULL,,2644
4289,"URBAN SECURITY INVESTIGATION ITALIA SRL",,Frosinone,Frosinone,,,,,NULL,,2645
4290,"EURONICS BRACCIANO",,Bracciano,Roma,,,,,NULL,,2608
4291,"ROADHOUSE TRASTEVERE",,Roma,Roma,,,,,NULL,,2396
4292,"CD - SERVIZI SPA",,Roma,Roma,,,,,NULL,,2646
4293,"VALORI SPA",,Anagni,Frosinone,,,,,NULL,,2647
4294,"AMBIENTE SPA",,Roma,Roma,00154,"VIA CRISTOFORO COLOMBO 149",,,NULL,,2648
4295,"ADECCO ITALIA SPA - BOLOGNOLA",,Roma,Roma,,,,,NULL,,2649
4296,"ATAS 21 SRL - TOR VERGATA",,Roma,Roma,,,,,NULL,,2606
4297,"AMANDA SRL",,Roma,Roma,,,,,NULL,,2650
4298,"COOP.SOC.NUOVA SAIR",,Roma,Roma,,,,,NULL,,2651
4299,"COMPASS FROSINONE",,Frosinone,Frosinone,,,,,NULL,,2026
4300,"MANPOWER S.R.L.",,Roma,Roma,,,,,NULL,,2652
4301,"ADECCO SPA - VIA TENUTA DEL CAVALIERE",,Roma,Roma,,,,,NULL,,2649
4302,"IGES SRL",,Roma,Roma,,,,,NULL,,2653
4303,"A.R.P. FOOD & HOSPITALITY SRL",,Roma,Roma,,,,,NULL,,2654
4304,"KEPAL SRL",,Roma,Roma,,,,,NULL,,2655
4305,"LIFE COLORS SRL",,Roma,Roma,,"VIALE PARIOLI 94",,,NULL,,2656
4306,"ICONSULTING SPA",,Roma,Roma,,,,,NULL,,2657
4307,"SOCIETY MODERNE FACILITY MANAGEMENT S.R.L.",,Roma,Roma,,,,,NULL,,2658
4308,"EMMEPIU' AVENTINO",,Roma,Roma,,,,,NULL,,2081
4309,"GERMANA QUASI ESPERTA IN RIMODELLAMENTO CORPO",,Roma,Roma,,,,,NULL,,2659
4310,"SVILUPPO SUD SRL",,Roma,Roma,00142,"VIA DUCCIO DI BUONINSEGNA 33 ",,,NULL,,2660
4311,"SASA' SRL",,Fiumicino,Roma,,,,,NULL,,2661
4312,"T-BONE VIA CRISPI",,Roma,Roma,,,,,NULL,,2577
4313,"ASTRA SOC.COOP.",,Roma,Roma,,,,,NULL,,2662
4314,"HS SERVIZI SRL",,Roma,Roma,,,,,NULL,,2663
4315,"H&M CASTEL ROMANO",,Roma,Roma,,,,,NULL,,2590
4316,"COOPSERVICE SPA - FROSINONE",,Frosinone,Frosinone,,,,,NULL,,2040
4317,"H&M ROMANINA",,Roma,Roma,,,,,NULL,cristina.filippi@hm.com,2590
4318,"OSTIA LIDO",,Roma,Roma,,,,,NULL,,2070
4319,"HOTEL ASTRID S.R.L.",,Roma,Roma,,,,,NULL,,2664
4320,"EUROSPIN SAN CESAREO",,Roma,Roma,,,,,NULL,,2093
4321,"DECATHLON FIUMICINO",,Fiumicino,Roma,,,,,NULL,,2054
4322,"CENTRO SERVIZI SRL",,Roma,Roma,,,,,NULL,,2665
4323,GIORNALAI,,Roma,Roma,,,,,NULL,,2666
4324,"100 ROMA MARKET SRL - TEVERE",,Roma,Roma,,,,,NULL,,2667
4325,"TIRSO FOOD S.R.L. - TIRSO",,Roma,Roma,,,,,NULL,,2668
4326,"PSG1 S.R.L. - MARINO",,Marino,Roma,,,,,NULL,,2669
4327,"MAG S.R.L. - MADONNA DEL RIPOSO",,Roma,Roma,,,,,NULL,,2670
4328,"CLM MARKET S.R.L. - DUE PONTI",,Roma,Roma,,,,,NULL,,2671
4329,"CBC S.R.L. - FONTEIANA",,Roma,Roma,,,,,NULL,,2672
4330,"ISTITUTO EVANGELICO BETANIA - EMMAUS",,Roma,Roma,,,,,NULL,,2673
4331,"SOLUTION SERVICE S.R.L.S.",,Roma,Roma,,,,,NULL,,2674
4332,"VIVENDA - SCUOLA A. CASTELLANI",,Nettuno,Roma,,,,,NULL,,2523
4333,"QC TERME SRL - FIUMICINO",,Fiumicino,Roma,,,,,NULL,,2675
4334,"ATAS 21 S.R.L. - LARIANO",,Lariano,Roma,,,,,NULL,,2606
4335,"LAYLA 71 SRL",,Roma,Roma,,,,,NULL,,2676
4336,"LVL SUPERMERCATI SRL - GROTTAPERFETTA",,Roma,Roma,,,,,NULL,,2677
4337,"LVL SUPERMERCATI SRL - MAGLIANA",,Roma,Roma,,,,,NULL,,2677
4338,"IGEAMED S.P.A.",,Roma,Roma,,,,,NULL,,2678
4339,"F.P. SERVIZI INTEGRATI S.R.L.",,Roma,Roma,00137,"Via Nomentana 761",066976331,,NULL,fpservizi.integrati@pec.it,2679
4340,"IL TRIANGOLO S.P.A.",,Roma,Roma,,,,,NULL,,2680
4341,"LVL SUPERMERCATI SRL - AVENTINO",,Roma,Roma,,,,,NULL,,2677
4342,"DUSSMANN - LEONARDO",,Roma,Roma,,,,,NULL,,2073
4343,"GIELLE DI GALANTUCCI LUIGI",,Roma,Roma,,,,,NULL,,2681
4344,"FA.M.CO. SRL",,Roma,Roma,,,,,NULL,,2682
4345,"MCDONALD'S CIAMPINO",,Ciampino,Roma,,,,,NULL,,2683
4346,"POPI POPI S.R.L.",,Roma,Roma,,,,,NULL,,2684
4347,"MC FIUMICINO RETAIL PARK",,Fiumicino,Roma,,,,,NULL,IT-00379@RESTAURANT.IT.MCD.COM,2280
4348,FIMMG,,Roma,Roma,,,,,NULL,,2685
4349,"MAGAZZINI GABRIELLI - FLAMINIA DR 12",,Roma,Roma,,,,,NULL,,2263
4350,"LAZIOCREA S.P.A.",,Roma,Roma,,,,,NULL,,2686
4351,"AUTHENTICA S.P.A. - FR",,Frosinone,Frosinone,,,,,NULL,,1952
4352,"VIVENDA S.P.A. - FR",,Frosinone,Frosinone,,,,,NULL,,2523
4353,"DIADORA RETAIL SRL",,Roma,Roma,,,,,NULL,,2687
4354,"COOPERATIVA SOCIALE SANITARIA ARCOBALENO",,Roma,Roma,,,,,NULL,,2688
4355,"FOOT LOCKER MAXIMO",,Roma,Roma,,,,,NULL,,2129
4356,"VIVENDA SPA - SCUOLA S.D'ACQUISTO",,Nettuno,Roma,,,,,NULL,,2523
4357,"VIVENDA SPA - SCUOLA S. MARIA GORETTI",,Nettuno,Roma,,,,,NULL,,2523
4358,"CONDOMINIO VIA G.RICCI 56",,NULL,NULL,,,,,NULL,,2689
4359,"COA SOC.COOP",,Roma,Roma,,,,,NULL,,2690
4360,"PWO LIMITED",,Roma,Roma,,,,,NULL,,2691
4361,TERSA,,Roma,Roma,00137,"VIA DI CASAL BOCCONE, 98",0683960958,,NULL,,2692
4362,"ANMIL - APS - ETS",,Roma,Roma,,,,,NULL,,2693
4363,"JOBBER S.R.L.",,Roma,Roma,,,,,NULL,,2694
4364,"PENNY MARKET - PIETRALATA",,Roma,Roma,,,,,NULL,,2360
4365,"MACSUN S.R.L.",,Roma,Roma,,,,,NULL,,2695
4366,"SILICONDEV CONSULTING S.R.L.",,Roma,Roma,00197,"VIA ANDREA MILLEVOI 10",,,NULL,,2696
4367,"LTM & PARTNERS SRL",,Roma,Roma,00197,"VIALE PARIOLI 40 ",,,NULL,,2697
4368,"AGRIFARMA S.P.A. - ARCAPLANET",,Roma,Roma,,,,,NULL,,2698
4369,"PHILMARK INFORMATICA",,Roma,Roma,,,,,NULL,,2699
4370,"KALYTE S.R.L.",,Roma,Roma,,,,,NULL,,2700
4371,"GPS S.R.L.S. UNIPERSONALE",,Roma,Roma,,,,,NULL,,2701
4372,"DAIMLER TRUCK FINANCIAL SERVICES ITALIA S.P.A.",,Roma,Roma,,,,,NULL,,2702
4373,"INTENT ERP S.R.L.",,Zagarolo,Roma,,,,,NULL,,2703
4374,"INTENT BUSINESS SOLUTION S.R.L.",,Zagarolo,Roma,,,,,NULL,,2704
4375,"VIVENDA SPA - NETTUNO",,Nettuno,Roma,,,,,NULL,,2523
4376,"LUONGO SECURITY S.R.L. (OP.SICUREZZA)",,Roma,Roma,00168,"VIA DI TORREVECCHIA, 901",066148221,,NULL,,2705
4377,"CHEF EXPRESS - HARRY'S TREVI BAR ",,Roma,Roma,,,,,NULL,,2009
4378,"FA.PO. SRL",,Roma,Roma,,,,,NULL,,2706
4379,"ANGUILLARA DIS S.R.L.",,Roma,Roma,,,,,NULL,,2707
4380,"MAPELA S.R.L.",,Terracina,Latina,,,,,NULL,,2708
4381,"MG SUPERMERCATI S.R.L.",,Roma,Roma,,,,,NULL,,2709
4382,"TREVIGNANO DIS S.R.L.",,Roma,Roma,,,,,NULL,,2710
4383,"ORS ITALIA S.R.L.",,Roma,Roma,,,,,NULL,,2711
4384,"CONDOMINIO P.ZZA ARULENO CELIO SABINO",,Roma,Roma,,,,,NULL,,2712
4385,"FOUR F.M. - PINETA SACCHETTI",,Roma,Roma,,,,,NULL,,2713
4386,"PER OTTO S.R.L.",,Roma,Roma,,,,,NULL,,2714
4387,"IGEAM CONSULTING S.R.L.",,Roma,Roma,,,,,NULL,,2715
4388,"BRUMS MILANO S.R.L.",,Roma,Roma,,,,,NULL,,2716
4389,"OUTLET SISLEY",,Vicolungo,Novara,,,,,NULL,,2392
4390,"MCE FINANCE S.P.A.",,Roma,Roma,,,,,NULL,,2717
4391,"IGEAM ACADEMY S.R.L.",,Roma,Roma,,,,,NULL,,2718
4392,"GESTIONE SERVIZI INTEGRATI S.R.L.",,Roma,Roma,,,,,NULL,,2719
4393,"PORTOBELLO S.R.L.",,Roma,Roma,,,,,NULL,,2720
4394,"PEGASO SECURITY S.P.A. (Servizi di Sicurezza)",,Rende,Cosenza,87036,"VIA FABIO ROSSI, 92",800831838,,NULL,,2721
4395,"CONBIPEL ROMA EUR",,Roma,Roma,,,,,NULL,,1980
4396,"VEDETTA 2 MONDIALPOL S.P.A. (0P.SICUREZZA)",,Roma,Roma,00166,"VIA CARLO SEVERINI, 26",,,NULL,AMMINISTRAZIONE.CO@PEC.MONDIALPOL.IT,2722
4397,"MACRI SRLS",,Nettuno,Roma,00048,"VIA VENEZIA 11",,,NULL,,2723
4398,"HEALTHCARE SERVICE REAL ESTATE S.R.L.",,Roma,Roma,,,,,NULL,,2724
4399,"UILTuCS - Pratiche ",,Roma,Roma,,,,,NULL,,2585
4400,"LA SCINTILLA SOCIALE",,Roma,Roma,,,,,NULL,,2725
4401,"ICE DATA SERVICES ITALY S.R.L.",,Roma,Roma,,,,,NULL,,2726
4402,"ALIANTE SRL - PALESTRINA",,Roma,Roma,,,,,NULL,,1920
4403,"ROAD HOUSE CASTEL ROMANO",,Roma,Roma,,,,,NULL,,2396
4404,"MC TESTACCIO",,Roma,Roma,,,,,NULL,,2280
4405,"SOGESER S.R.L.",,Roma,Roma,,,,,NULL,,2727
