id,description,alternativeDescription,city,province,cap,address,phone,piva,notes,mail,sector_id
1902,A.I.C.C.R.E.,,NULL,NULL,,,,NULL,aiccre@pec.aiccre.eu,aiccre@pec.aiccre.eu,1
1903,"A.P.L. SRL",,NULL,NULL,,,,NULL,APLSRL@PEC.IT,APLSRL@PEC.IT,10
1904,"A.S. ROMA S.R.L.",,NULL,NULL,,"PZZA.LE DINO VIOLA 1   00128 ROMA RM",06501911,NULL,ASROMASPA@LEGALMAIL.IT,ASROMASPA@LEGALMAIL.IT,10
1905,"ABACO SERVIZI S.R.L.",,NULL,NULL,,,,NULL,abacoservizimultimediali@pec.it,abacoservizimultimediali@pec.it,10
1906,"ACCOR HOSPITALITY ITALIA S.R.L.",,NULL,NULL,,,,,,accorhospitalityitaliasrl@pec.it,8
1907,ACLI,,NULL,NULL,,"V.GIUSEPPE MARCORA, 18/20",,,,info@acsis.acli.it,1
1908,"ACQUA E TERME DI FIUGGI S.P.A.",,Fiuggi,Frosinone,"03014 ","PIAZZA MARTIRI DI NASSIRIYA, snc",,,,ACQUATERMEFIUGGI@LEGALMAIL.IT,16
1909,"ACSIS S.R.L. (unione sportiva acli)",,Roma,Roma,00153,"VIA G. MARCORA, 18/20",,,"ACSISSRL@LEGALMAIL.IT; info@acsis.acli.it.",ACSISSRL@LEGALMAIL.IT,1
1910,"ADLER SYSTEM SERVICE SRL",,NULL,NULL,,"Viale Cesare Battisti, 29
24047 - Treviglio (BG)",,NULL,ADLERSYSTEMSERVICE@ARUBAPEC.IT,ADLERSYSTEMSERVICE@ARUBAPEC.IT,10
1911,"ADMIRAL PAY S.R.L.",,NULL,NULL,,,,NULL,ADMIRALPAYSRL@POSTALEG.IT,ADMIRALPAYSRL@POSTALEG.IT,10
1912,"ADR INTERNATIONAL S.R.L.",,NULL,NULL,,"Viale Raf Vallone 5   
Roma (RM)",,NULL,adrinternationalsrls@legalmail.it,adrinternationalsrls@legalmail.it,10
1913,"AEQUA ROMA S.P.A.",,NULL,NULL,,,,NULL,direzione.generale@pec.aequaroma.it,direzione.generale@pec.aequaroma.it,10
1914,"AGRI RETE SERVICE SOC. COOP.",,NULL,NULL,,"Via Torino 146, 00184 Roma","06 469781",NULL,ARS@PEC.CONFCOOPERATIVE.IT,ARS@PEC.CONFCOOPERATIVE.IT,10
1915,"ALBA SERVICE SOC.COOP.",,NULL,NULL,,"VIA GAETANO DONIZETTI,8
00041 ALBANO LAZIALE (RM)",,NULL,ALBASERVICECOOP@PEC.IT,ALBASERVICECOOP@PEC.IT,1
1916,"ALBA SRL",,"Trevignano Romano",Roma,00069,"VIALE G. GARIBALDI 141",,10966651001,,societaalbasrl@legalmail.it,1
1917,"ALES SPA ARTE LAVORO E SERVIZI",,NULL,NULL,,"Via Nazionale, 243 00184 Roma (RM)",,,,infoales-spa@pec.it,10
1918,"ALES STORE S.R.L.",,NULL,NULL,,"P.ZZA OTTAVIANO VIMERCATI 55
ROMA (RM)",,NULL,ALESSTORE@PECPVS.IT,ALESSTORE@PECPVS.IT,10
1919,"ALFANI CERAMICHE SRL",,NULL,NULL,,"VIA AURELIA KM 44300   00052 CERVETERI RM",,,"Note
Note1
Note2
",ALFANICERAMICHE@PEC.CGN.IT,10
1920,"ALIANTE S.R.L.",,NULL,NULL,,,,NULL,ALIANTE@MYMAIL-PEC.IT,ALIANTE@MYMAIL-PEC.IT,10
1921,"ALICAM SRL",,NULL,NULL,,"L.GO DURANTI LIDO,5
00128 ROMA (RM)",,NULL,ALICAMSRL@LEGALMAIL.IT,ALICAMSRL@LEGALMAIL.IT,1
1922,"ALICE NOVA COOP. SOCIALE",,NULL,NULL,,"STRADA VICINALE DI SCORTIGATTI 73/75VITERBO (VT)",,,,INFO.ALICENOVA@PEC.IT,10
1923,"ALIEN TT ITALY SRL",,NULL,NULL,,"VIA CRISTOFORO COLOMBO 348   00145 ROMA RM",,NULL,BOLDPAGE@PEC-LEGAL.IT,BOLDPAGE@PEC-LEGAL.IT,10
1924,"ALLIANCE HEALTHCARE ITALIA DISTRIBUZIONE S.P.A.",,NULL,NULL,,"Via Tiburtina, 1310
00131 Roma(RM)",,NULL,AHID@LEGALMAIL.IT,AHID@LEGALMAIL.IT,10
1925,"ALLSTAR S.R.L.",,"Bolzano * Bozen",Bolzano,39100,"VIA JOHAN KRAVOGL 2",,,,ALLSTAR@PEC.ADMIRALCLUB.IT,16
1926,"ALOSYS COMUNICATIONS S.R.L.",,NULL,NULL,,"Via Andrea del Castagno,12
00142 Roma",,NULL,alosys.communications@pec.alosys.it,alosys.communications@pec.alosys.it,10
1927,"ALPHABET ITALIA FLEET MANAGEMENT S.P.A.",,NULL,NULL,,"VIA DELL'UNIONE EUROPEA 4
20097 SAN DONATO MILANESE (MI)",,NULL,INFO@ALPHABETCERT.IT,INFO@ALPHABETCERT.IT,10
1928,"AMERICAN EXPRESS SEL",,Roma,Roma,00148,"VIALE ALEXANDRE GUSTAVE EIFFEL 15  ",,,,americanexpressitalia@legalmail.it,10
1929,"AMPLIFON ITALIA S.P.A.",,NULL,NULL,,"VIA RIPAMONTI 131/133   20141 MILANO MI",,NULL,AMPLIFONITALIA@PEC.AMPLIFON.IT,AMPLIFONITALIA@PEC.AMPLIFON.IT,10
1930,"AMREF HEALTH AFRICA ONLUS",,NULL,NULL,,"Via degli Scialoja, 3
00196 Roma",0699704650,NULL,amref@pec.amref.it,amref@pec.amref.it,1
1931,"ANGEL SAT VIGILANZA S.R.L.",,NULL,NULL,,"VIA NARO 76
POMEZIA (RM)",,NULL,angelsatvigilanza@pec.it,angelsatvigilanza@pec.it,17
1932,"ANMIL S.R.L.",,NULL,NULL,,,,NULL,ANMILSRL@PEC.ANMIL.IT,ANMILSRL@PEC.ANMIL.IT,10
1933,"AON ADVISORY AND SOLUTIONS S.R.L.",,NULL,NULL,,"Via Andrea Ponti 8/10
20143 Milano",,NULL,HEWITT@PEC.AON.IT,HEWITT@PEC.AON.IT,1
1934,"AON S.P.A.",,NULL,NULL,,,,NULL,aon.spa@pec.aon.it,aon.spa@pec.aon.it,10
1935,"APPLE ITALIA RETAIL S.R.L.",,NULL,NULL,,"C.SO VERCELLI 4020145 MILANO MI",,NULL,APPLERETAILITALIASRL@LEGALMAIL.IT,APPLERETAILITALIASRL@LEGALMAIL.IT,10
1936,"APR VACANZE S.R.L.",,NULL,NULL,,"Via di Portonaccio, 164
00159 Roma (RM)",,NULL,apr@pec.cgn.it,apr@pec.cgn.it,2
1937,"ARCADIA EVENTI E SERVICE S.R.L.",,Roma,Roma,00185,"VIA CASTELFIDARDO, 43",,"06694561009 ",,info@pec.arcadiaeventi.it,1
1938,"ARCOBALENO SOC.COOP.",,Colleferro,Roma,,,,,,ARCOBALENOSOCCOP@PECIMPRESE.IT,18
1939,"ARES S.R.L.",,NULL,NULL,,"VIA VALCAMONICA 6/8  00141 ROMA RM",,NULL,ARESSERVIZI@PEC.IT,ARESSERVIZI@PEC.IT,3
1940,"ARGO  S.R.L. (RECEPTION)",,NULL,NULL,,,,,,,15
1941,"ARGO SRL",,Pomezia,Roma,00040,"Via Pontina Vecchia, km 31,300",,,,argovigilanza@pec.it,17
1942,"ARIALUCE SRL",,NULL,NULL,,,,NULL,arialuce@legalmail.it,arialuce@legalmail.it,16
1943,"ARNABOLDI SRL",,NULL,NULL,,"VIA MONTENAPOLEONE,5
20121 MILANO (MI)",,NULL,ARNABOLDIMI@LEGALMAIL.IT,ARNABOLDIMI@LEGALMAIL.IT,1
1944,"AROMATIKA S.R.L.",,NULL,NULL,,"VIA MONTESPERTOLI 37   00189 ROMA RM",,NULL,AROMATIKA@PEC.IT,AROMATIKA@PEC.IT,10
1945,"ARTATTACK GROUP S.R.L.",,NULL,NULL,,"VICOLO DELLA FRUSTA 9
00113 ROMA RM",,NULL,AMMINISTRAZIONE@PEC.ARTATTACKGROUP.COM,AMMINISTRAZIONE@PEC.ARTATTACKGROUP.COM,10
1946,"ARTSANA S.P.A",,NULL,NULL,,,,NULL,istituzionale@pec-artsana.it,istituzionale@pec-artsana.it,10
1947,"ASA SERVIZI S.R.L.",,NULL,NULL,,"Piazza Del Comune 
Tivoli (RM)",,NULL,asaservizisrl@pec.it,asaservizisrl@pec.it,10
1948,"ASSET CAMERA",,NULL,NULL,,,,NULL,ASSETCAMERA@LEGALMAIL.IT,ASSETCAMERA@LEGALMAIL.IT,1
1949,"ASSOCIAZIONE DIFESA E ORIENTAMENTO CONSUMATORI -ADOC-",,NULL,NULL,,"VIA CASTEL FIDARDO,43/4500185 ROMA",,,ADOC@PEC.IT,ADOC@PEC.IT,3
1950,"ASTER VIGILANZA SRL",,NULL,NULL,,"Via dei Fabbri Navali, 1800122 Roma (RM)",,,astervigilanzasrl@pec.it,astervigilanzasrl@pec.it,15
1951,"AUREA S.R.L.",,NULL,NULL,,"SS148 PONTINA, KM 52,450 04011 APRILIA (LT)",0692871026,,AUREA@MYPEC.EU,AUREA@MYPEC.EU,16
1952,"AUTHENTICA S.P.A. ",,NULL,NULL,,"VIALE DELLO STADIO 77 05100 TERNI (TR)",,,"EX FABBRO SPA, AZIENDA CONFLUITA IN AUTHENTICA",authenticaspa@pec.it,13
1953,"AUTOGRILL (raccordo)",,NULL,NULL,,,,,,autogrill@legalmail.it,16
1954,"AUTOGRILL ITALIA SPA",,NULL,NULL,,"Centro Direzionale Milano Fiori  Strada 5, Palazzo Z 20089 Rozzano Milano (MI)",,,autogrill@legalmail.it,autogrill@legalmail.it,16
1955,"AUTONOMO ROTAZIONE A",,Roma,Roma,,,,,,,1
1956,"AUTONOMO ROTAZIONE B",,Roma,Roma,,,,,,,10
1957,"AUTONOMO ROTAZIONE C",,Roma,Roma,,,,,,,10
1958,"AUTONOMO ROTAZIONE INTEGRATIVA",,Roma,Roma,,,,,,,10
1959,"AUTOSERVIZI CASTELLO",,NULL,NULL,,,,NULL,AUTOSERVIZICASTELLOSOCCOOP@LEGALMAIL.IT,AUTOSERVIZICASTELLOSOCCOOP@LEGALMAIL.IT,10
1960,"AXITEA SPA",,Roma,Roma,,,,,axiteaspa@axitea-pec.it,axiteaspa@axitea-pec.it,17
1961,"AZIENDA PLURISERVIZI MONTEROTONDO",,NULL,NULL,,,,NULL,apmpec@pec.it,apmpec@pec.it,11
1962,"AZIENDA SERVIZI PUBBLICI SPA (ASP CIAMPINO)",,NULL,NULL,,"L.go Felice Armati, 1 Ciampino (RM)",,,aziendaservizipubblicispa@legalmail.it,aziendaservizipubblicispa@legalmail.it,11
1963,"AZIENDE ALBERGHIERE BETTOJA SPA",,NULL,NULL,,,,NULL,bettojahotelsspa@legalmail.it,bettojahotelsspa@legalmail.it,8
1964,"TPC EUROPE S.R.L.",,Milano,Milano,20121,"VIA PONTACCIO, 10",,,"EX BAGLIONI HOTELS SPA
",baglionihotels@legalmail.it,8
1965,"BAR BANQUETING S.R.L.",,NULL,NULL,,"LARGO BRANCACCIO 82
00184 ROMA RM",,NULL,BARBANQUETING@LEGALMAIL.IT,BARBANQUETING@LEGALMAIL.IT,16
1966,"BARANES S.R.L.",,NULL,NULL,,,,NULL,BARANESSRL@PEC.IT,BARANESSRL@PEC.IT,10
1967,"BATTISTOLLI SERVIZI INTEGRATI S.R.L",,Vicenza,Vicenza,,"Via Basilio Dalla Scola 88Vicenza (VI)",,,b.s.i@legalmail.it,b.s.i@legalmail.it,15
1968,"BAW S.R.L.",,NULL,NULL,,,,NULL,BAWSRL@PEC.IT,BAWSRL@PEC.IT,10
1969,"BIALETTI STORE SRL",,NULL,NULL,,"VIA FOGLIANO, 25030 COCCAGLIO (BS)",,NULL,BIALETTISTORESRL@LEGALMAIL.IT,BIALETTISTORESRL@LEGALMAIL.IT,10
1970,"BIORISTORO ITALIA S.R.L.",,NULL,NULL,,,,NULL,info@pec.bioristoroitalia.it,info@pec.bioristoroitalia.it,13
1971,"BIOS SPA",,NULL,NULL,,"Via Domenico Chellini, 30
00100 Roma",,NULL,direzionebiosspa@pec.it,direzionebiosspa@pec.it,10
1972,"BLUE LION FOOD S.P.A. (EX FABBRO SPA)",,NULL,NULL,,"VIA DEI BOSSI, 10 
20121 MILANO (MI)",,NULL,personale@pec.blueliongroup.it,personale@pec.blueliongroup.it,13
1973,"BMW ITALIA S.P.A.",,NULL,NULL,,,,NULL,info.bmwitalia@bmwcert.it,info.bmwitalia@bmwcert.it,10
1974,"BMW ROMA S.R.L.",,NULL,NULL,,"Via Salaria, 1268 
00138 Roma (RM)",,NULL,hr.bmwroma@bmwcert.it,hr.bmwroma@bmwcert.it,10
1975,"BOLDPAGE S.R.L.",,NULL,NULL,,"Via Cristoforo Colombo, 348
00145 Roma (RM)",,NULL,boldpage@pec-legal.it,boldpage@pec-legal.it,1
1976,"BRAWNEY S.R.L.",,NULL,NULL,,,,NULL,BRAWNEYSRL@LEGALMAIL.IT,BRAWNEYSRL@LEGALMAIL.IT,10
1977,"BREAK & LUNCH S.R.L.",,Frosinone,Frosinone,,"VIALE DELLA REPUBBLICA 24/28  20100 CORNAREDO (MI)",,,breaklunch@legalmail.it,breaklunch@legalmail.it,16
1978,"BTV S.P.A.",,NULL,NULL,,"VIA LUCA DELLA ROBBIA 60, 36100 VICENZA",,,,BTVSPA@LEGALMAIL.IT,17
1979,"BTV S.P.A. (FROSINONE)",,NULL,NULL,,,,,,btvspa@legalmail.it,17
1980,"BTX ITALIAN RETAIL AND BRANDS SRL",,NULL,NULL,,,,NULL,GROWCAP_ITALY@LEGALMAIL.IT,GROWCAP_ITALY@LEGALMAIL.IT,10
1981,"BURBERRY ITALY S.R.L.",,NULL,NULL,,"VIA MONTENAPOLEONE 12 
20121 MILANO",,NULL,BURBERRY.ITALY@POSTE-CERTIFICATE.EU,BURBERRY.ITALY@POSTE-CERTIFICATE.EU,10
1982,"BURGER ROMA S.R.L.",,NULL,NULL,,"via Tiburtina, 474

00159 Roma (RM)",,NULL,burgerroma@pec.burgerroma.it,burgerroma@pec.burgerroma.it,16
1983,"BURGERKING RESTAURANTS S.P.A.",,NULL,NULL,,"STRADA 1 PALAZZO F4 SNC
20090 ASSAGO MI",,NULL,BKRESTAURANTSITALIA@LEGALMAIL.IT,BKRESTAURANTSITALIA@LEGALMAIL.IT,16
1984,"BUSINESS SERVICE S.R.L.",,NULL,NULL,,,,,,business.servicessrl@legalmail.it,14
1985,"C.I.R. FOOD S.C.",,NULL,NULL,,"via Tenuta del Cavaliere, 1 Palazzina B c/o CAR 00012 Guidonia (RM)",,,"CentroSud@cert.cirfood.com (pec alternativa per invio deleghe/comunicazioni)",HR.CentroSud@cert.cirfood.com,13
1986,"C.I.T.A. SRL",,NULL,NULL,,"VIA SABOTINO,4500195 ROMA (RM)",,,,cita.srl@legalmail.it,8
1987,"C.M. S.R.L.",,NULL,NULL,,,,NULL,cmsrl2020@legalmail.it,cmsrl2020@legalmail.it,10
1988,"C.M. SERVICE SRL",,Roma,Roma,,,,,,info@pec.cmservicesrl.it,3
1989,"C.N.A. CAF LAZIO S.R.L.",,NULL,NULL,,"VIALE G.MASSAIA N. 31
00151 ROMA (RM)",,NULL,cnaroma@cert.cna.it,cnaroma@cert.cna.it,1
1990,"C.R. MARKET S.P.A.",,NULL,NULL,,,,,,crmarketspa@pec.it,10
1991,C.W.G.C.,,NULL,NULL,,"Via delle conce, 20
00154 Roma (RM)","065099911 ; 3458348261",NULL,cwgc@pec.it,cwgc@pec.it,18
1992,CADIPROF,,NULL,NULL,,"Viale Pasteur,65
00144 Roma",0654210812,NULL,cadiprof@postecert.it,cadiprof@postecert.it,1
1993,"CADIS SRL",,NULL,NULL,,"VIA DI CASTEL PORZIANO 29",,NULL,CADIS2019@LEGALMAIL.IT,CADIS2019@LEGALMAIL.IT,10
1994,"CAERGEST S.R.L.",,NULL,NULL,,"CARREFOUR LADISPOLI",,NULL,CAERGEST@PEC.IT,CAERGEST@PEC.IT,10
1995,"CAF ILA",,NULL,NULL,,,,NULL,,NULL,10
1996,"CALZEDONIA S.P.A.",,"Villafranca Di Verona",Verona,37069,"VIA MONTE BALDO 20",,,amministrazione@pec.calzedonia.it,amministrazione@pec.calzedonia.it,10
1997,"CAM S.R.L.",,NULL,NULL,,,,NULL,cam1srl@legalmail.it,cam1srl@legalmail.it,10
1998,"CAMST SOC.COOP A.R.L.",,NULL,NULL,,,0516017405,NULL,camst@legalmail.it,camst@legalmail.it,13
1999,"CAPITALE LAVORO S.P.A.",,NULL,NULL,,,,NULL,CAPITALELAVORO@PEC.CAPITALELAVOROSPA.IT,CAPITALELAVORO@PEC.CAPITALELAVOROSPA.IT,10
2000,"CARLSON WAGON ITALIA S.R.L.",,NULL,NULL,,,,NULL,CWITALIA@LEGALMAIL.IT,CWITALIA@LEGALMAIL.IT,2
2001,"CAVE S.R.L.",,NULL,NULL,,"Ciampino (RM) - 
Via Gaetano Donizetti 14",,NULL,cavesrl3@legalmail.it,cavesrl3@legalmail.it,1
2002,"CBF SRL",,NULL,NULL,,,,NULL,cbf@pecpvs.it,cbf@pecpvs.it,10
2003,"CE.PAS. S.R.L.","GRUPPO DEM SUPERMERCATI",NULL,NULL,,,,,CE.PAS@PEC.IT,CE.PAS@PEC.IT,10
2004,"CENTRO DI ASSISTENZA FISCALE DELL'UNIONE ITALIANA DEL LAVORO S.P.A - C.A.F. UIL S.P.A.",,NULL,NULL,,"Via Castel Fidardo, 43-4500185 Roma (RM)",,,cafuil@pec.cafuil.it,cafuil@pec.cafuil.it,1
2005,"CENTRO PERIZIE LIQUIDATIVE S.A.S. DI FESTA PELLEGRINO & C.",,Frosinone,Frosinone,,,,,CPLINFORTUNISTICA@PEC.MAILEXPRESS.IT,CPLINFORTUNISTICA@PEC.MAILEXPRESS.IT,18
2006,"CERBA HEALTH CARE ITALIA S.R.L.",,NULL,NULL,,,,NULL,ITALIA@PEC.CERBAHEALTHCARE.IT,ITALIA@PEC.CERBAHEALTHCARE.IT,18
2007,"CEVA LOGISTICS",,NULL,NULL,,"Strada 3 Palazzo B5
20090 Assago (MI)",0289230343,NULL,CEVALOGISTICSITALIA@CEVA.LEGALMAIL.IT,CEVALOGISTICSITALIA@CEVA.LEGALMAIL.IT,10
2008,"CHEF EXPRESS (raccordo)",,NULL,NULL,,,,NULL,,NULL,16
2009,"CHEF EXPRESS SPA",,"Castelvetro Di Modena",Modena,41014,"Via Modena, 53",,,,upe@pec.chefexpress.it,16
2010,"CHIRASS SRL",,NULL,NULL,,,,NULL,chirass@legalmail.it,chirass@legalmail.it,16
2011,"CILIS SCARL",,NULL,NULL,,"VIA DELLA MAGLIANA 422 RM",,,COOP_CILIS@PEC.IT,COOP_CILIS@PEC.IT,15
2012,"CIMAS SPA",,NULL,NULL,,,,NULL,cimassrl@legalmail.it,cimassrl@legalmail.it,13
2013,"CISALFA SPORT S.P.A.",,NULL,NULL,,,,NULL,AMMINISTRAZIONE.CISALFA@LEGALMAIL.IT,AMMINISTRAZIONE.CISALFA@LEGALMAIL.IT,10
2014,"CIVITASTORE SRL",,NULL,NULL,,"V.LE PALMIRO TOGLIATTI 29",,,,CIVITASTORE@PECPVS.IT,10
2015,"CIVITAVECCHIA SERVIZI PUBBLICI S.r.l.",,NULL,NULL,,"PIAZZA GUGLIELMOTTI, 7
00053 CIVITAVECCHIA (RM)",,NULL,CIVITAVECCHIASERVIZIPUBBLICISRL@LEGALMAIL.IT,CIVITAVECCHIASERVIZIPUBBLICISRL@LEGALMAIL.IT,3
2016,"CLARANET S.R.L.",,NULL,NULL,,"C.SO SEMPIONE 9 20145 MILANO (MI)",,NULL,CLARANETSRL@LEGALMAIL.IT,CLARANETSRL@LEGALMAIL.IT,10
2017,"CLEAN SYSTEM S.R.L.",,NULL,NULL,,"VIA E.FERMI 2
03100 FROSINONE (FR)",,NULL,CLEANSYSTEMSRL@ARUBAPEC.IT,CLEANSYSTEMSRL@ARUBAPEC.IT,10
2018,"CO.PI.EC. SRL",,NULL,NULL,,,,NULL,COPIEC@PECPVS.IT,COPIEC@PECPVS.IT,10
2019,"COIN S.P.A.",,NULL,NULL,,"Via Terraglio, 17
30174 Mestre Venezia (VE)",,NULL,coin@pec.coin.it,coin@pec.coin.it,10
2020,"COLSER SERVIZI S.R.L.",,NULL,NULL,,,,NULL,COLSER.SERVIZI@PEC.COLSER.COM,COLSER.SERVIZI@PEC.COLSER.COM,3
2021,"COMFER S.R.L.",,NULL,NULL,,"VIA DEI CASALI DI ACQUAFREDDA 15
00166 ROMA","06 61520600",NULL,comfer@arubapec.it,comfer@arubapec.it,10
2022,"COMIFAR DISTRIBUZIONE SPA",,NULL,NULL,,"Via Fratelli di Dio, 2
20026 Novate Milanese (MI)",,NULL,ammin.personale.comifar@legalmail.it,ammin.personale.comifar@legalmail.it,10
2023,"COMMUNIA SERVICE SRL",,NULL,NULL,,,,NULL,COMMUNIASERVICESRL@LEGALMAIL.IT,COMMUNIASERVICESRL@LEGALMAIL.IT,8
2024,"COMPAR s.p.a",,NULL,NULL,,"VIA A. VOLTA 6
LIMENA (PD)",,NULL,comparbata@legalmail.it,comparbata@legalmail.it,10
2025,"COMPASS ",,Civitavecchia,Roma,,,,,,,13
2026,"COMPASS GROUP ITALIA SPA",,NULL,NULL,,"Via Angelo Scarsellini, 14
 20161 Milano (MI)",,NULL,compassgroupitalia@pec.it,compassgroupitalia@pec.it,13
2027,"CON. FID. STATION S.R.L.",,NULL,NULL,,"VIA WOLFGANG GOETHE, 27 (BZ)",0471973784,,confidstation@pec.confidstation.it,confidstation@pec.confidstation.it,18
2028,"CONDOMINIO LE VILLE DI MARCO",,NULL,NULL,,"VIA MARCO SIMONE, 80",,,,omnia.service.sas@legalmail.it,14
2029,"CONGREGAZIONE BENEDETTINE SUORE RIPARATRICI - L'ASSUNTA RSA",,NULL,NULL,,,,NULL,RSALASSUNTA@PEC.IT,RSALASSUNTA@PEC.IT,18
2030,"CONGREGAZIONE BENEDETTINE SUORE RIPARATRICI DEL SANTO VOLTO RSA",,NULL,NULL,,"VIA CESARE BATTISTI 7 
SANTA MARINELLA",,NULL,SUORESANTOVOLTO@PEC.IT,SUORESANTOVOLTO@PEC.IT,18
2031,"CONGREGAZIONE SUORE OSPEDALIERE DELLA MISERICORDIA",,"Santa Marinella",Roma,00058,"VIA MELEAGRO 3",,,,CLINICAMATERMISERICORDIAE@LEGALMAIL.IT,18
2032,"CONSORZIO OLGIATA",,NULL,NULL,,,,NULL,PEC.CONSORZIO.OLGIATA@PEC.IT,PEC.CONSORZIO.OLGIATA@PEC.IT,17
2033,"CONSORZIO STABILE I.A.S.",,NULL,NULL,,"VIA FLAVIO DOMIZIANO 9
00147 ROMA RM",0659473120,NULL,CONS.STABILEIAS@LEGALMAIL.IT,CONS.STABILEIAS@LEGALMAIL.IT,3
2034,"CONSULFIN S.R.L.",,NULL,NULL,,"Via Alessadnro de Stefani, 60
00100 Roma (RM)",,NULL,consulfin@legalmail.it,consulfin@legalmail.it,1
2035,"CONTROLPOL SERVIZI DI SICUREZZA S.R.L.",,Frosinone,Frosinone,,"SS 155 PER FIUGGI 03100 FROSINONE FR",,,CONTROLPOLSRL@PEC.IT,CONTROLPOLSRL@PEC.IT,17
2036,"COOP. SOCIALE CASA COMUNE 2000 ONLUS",,NULL,NULL,,,,NULL,CASACOMUNE2000@LEGALMAIL.IT,CASACOMUNE2000@LEGALMAIL.IT,18
2037,"COOPCULTURE SOC.COOP.",,NULL,NULL,,"VIA SOMMACAMPAGNA, 9
00185 ROMA (RM)",,NULL,COOPCULTURE@PEC.IT,COOPCULTURE@PEC.IT,3
2038,"COOPERATIVA NASCE UN SORRISO",,NULL,NULL,,,,NULL,NASCEUNSORRISO@CGN.LEGALMAIL.IT,NASCEUNSORRISO@CGN.LEGALMAIL.IT,18
2039,"ISTITUTO DI VIGILANZA COOPSERVICE S.P.A. (RECEPTION)",,NULL,NULL,,"VIA ROCHDALE,542122 REGGIO EMILIA (RE)",,,"COOPSERVICESPA.VIGILANZA@LEGALMAIL.IT
AMMINISTRAZIONE.COOPSERVICE@LEGALMAIL.IT",AMMINISTRAZIONE.COOPSERVICE@LEGALMAIL.IT,15
2040,"ISTITUTO DI VIGILANZA COOPSERVICE S.P.A.",,"Reggio Nell'Emilia","Reggio E.",42122,"Via Rochdale, 5",,,amministrazione.coopservice@legalmail.it,COOPSERVICESPA.VIGILANZA@LEGALMAIL.IT,17
2041,"COSMOPOL SECURITY S.R.L. (CIVITAVECCHIA)",,NULL,NULL,,,,NULL,,NULL,17
2042,"COSMOPOL SERVIZI INTEGRATI",,NULL,NULL,,"CENTRO DIREZIONALE ISOLA (NA) 80100NAPOLI",,,SOGESI@CASELLACERTIFICATA.IT,SOGESI@CASELLACERTIFICATA.IT,15
2043,"CRIDA S.R.L.",,NULL,NULL,,"V.LE PARIOLI 180 00197 ROMA RM",,NULL,CRIDA2017@LEGALMAIL.IT,CRIDA2017@LEGALMAIL.IT,10
2044,"CRISOFILA S.R.L.",,Roma,Roma,,,,,,CRISOFILASRL@PECPVS.IT,10
2045,"CRIVELLI23 S.R.L.",,NULL,NULL,,"PIAZZA R.B. CRIVELLI 14  00159 ROMA RM",,,,crivelli23srl@legalmail.it,10
2046,"CSM GLOBAL SECURITY SRL",,NULL,NULL,,"VIA O. RAIMONDO,46/6000173 ROMA (RM)",,,CSMGLOBALSECURITYSERVICE@LEGALMAIL.IT,CSMGLOBALSECURITYSERVICE@LEGALMAIL.IT,17
2047,"CULTURE SOCIETA' COOPERATIVA",,NULL,NULL,,"VIA GOITO, 39/41 
00185 ROMA(RM)",,NULL,coopculture@pec.it,coopculture@pec.it,1
2048,"CYDONIA HOTELS ITALIA SRL",,Roma,Roma,,"VIA CASILINA  125",,,CYDONIAHOTELSITALIA@LEGALMAIL.IT,CYDONIAHOTELSITALIA@LEGALMAIL.IT,8
2049,"D.I.P. SPA",,NULL,NULL,,"VIA COMMERCIALE 29
35010 FRATTE DI S.GIUSTINA IN COLLE PD",,NULL,DIPSPA@PEC.IT,DIPSPA@PEC.IT,10
2050,"D.M.C. GESTIONI S.R.L.",,NULL,NULL,,,,NULL,dmcgestionisrl@pec.it,dmcgestionisrl@pec.it,18
2051,"DAMA & G. DREAM S.R.L.",,NULL,NULL,,,,NULL,DAMAEGDREAM@LEGALMAIL.IT,DAMAEGDREAM@LEGALMAIL.IT,8
2052,"DAN JOHN ITALIA S.R.L.",,NULL,NULL,,"VIA CIRO MENOTTI 1  ROMA RM",,,DJROMA@PEC.I,DJROMA@PEC.IT,10
2053,"DANTE S.R.L.",,NULL,NULL,,,,NULL,dantesrl@legalmail.it,dantesrl@legalmail.it,16
2054,"DECATHLON ITALIA SRL",,NULL,NULL,,"VIALE VALASSINA  268   20851 LISSONE - MB",,,DECATHLONITALIA@PEC.IT,DECATHLONITALIA@PEC.IT,12
2055,"DEKRA ITALIA S.R.L.",,NULL,NULL,,,,NULL,risorseumane.dekra@pec.it,risorseumane.dekra@pec.it,10
2056,"DELTA BIOLOGICALS SRL",,NULL,NULL,,"VIA NICARAGUA, 12/14
00148 ROMA (RM)",,NULL,delta_biologicals_srl@pec.deltabiologicals.it,delta_biologicals_srl@pec.deltabiologicals.it,10
2057,"DEMAS S.R.L.",,Roma,Roma,00131,"VIA DI SALONE 132 ",,,DEMAS@SPAZIOPEC.IT,DEMAS@SPAZIOPEC.IT,10
2058,"DES ARTISTES SRL",,NULL,NULL,,,,NULL,DESARTISTESSRL@PEC.IT,DESARTISTESSRL@PEC.IT,8
2059,"DEUTSCHES REISEBUERO S.R.L.",,NULL,NULL,,,,NULL,DEUTSCHES.REISEBUERO@LEGALMAIL.IT,DEUTSCHES.REISEBUERO@LEGALMAIL.IT,10
2060,"DI CARMINE MICHELE & C.",,NULL,NULL,,,,NULL,dicarmine@legalmail.it,dicarmine@legalmail.it,10
2061,"DICO S.P.A.",,NULL,NULL,,"VIA RAFFAELE COSTI, 90
 00155 ROMA (RM)",,NULL,sd.spa@pec-dico.it,sd.spa@pec-dico.it,10
2062,"DIGITAL ANGELS S.R.L.",,NULL,NULL,,,,NULL,HEAVEN@PEC.DIGITALANGELS.COM,HEAVEN@PEC.DIGITALANGELS.COM,10
2063,"DIPROS S.R.L.",,NULL,NULL,,,,NULL,dipros@legalmail.it,dipros@legalmail.it,1
2064,"DIREZIONE LAVORO GROUP S.P.A.",,NULL,NULL,,"VIA TIRSO 14   00198 ROMA RM",,NULL,PEC.@PEC.DIREZIONELAVOROGROUP.IT,PEC.@PEC.DIREZIONELAVOROGROUP.IT,10
2065,"DISCOUNT 1 SRL",,NULL,NULL,,,,NULL,,NULL,10
2066,"SUPERMERCATO DUE S.R.L.",,Ciampino,Roma,00043,"Via Pirzio Biroli, 37",,,,SUPERMERCATODUESRL@LEGALMAIL.IT,10
2067,"DISCOUNT OTTO S.R.L.",,NULL,NULL,,"VIA BIAGIO PETROCELLI 40",,NULL,DISCOUNT8SRL@LEGALMAIL.IT,DISCOUNT8SRL@LEGALMAIL.IT,10
2068,"DISTRIBUZIONE ROMA S.R.L. (Civitavecchia)",,NULL,NULL,,,,NULL,,NULL,1
2069,"DOC ROMA S.R.L.",,Roma,Roma,,"Roma (RM) -Via Del Fosso Del Torrino 10",,,ufficio.personale@pec.docroma.coop.it,ufficio.personale@pec.docroma.coop.it,10
2070,"DODICI 50 SRL",,NULL,NULL,,,,NULL,DODICI50SRL@LEGALMAIL.IT,DODICI50SRL@LEGALMAIL.IT,10
2071,"DOLCE E GABBANA S.R.L.",,NULL,NULL,,"VIA GOLDONI 10
20129 MILANO (MI)",,NULL,AMMINISTRAZIONE.DOLCEGABBANA@LEGALMAIL.IT,AMMINISTRAZIONE.DOLCEGABBANA@LEGALMAIL.IT,10
2072,"DOUGLAS ITALIA S.P.A.",,NULL,NULL,,,,NULL,douglasitaliaspa@pecimprese.it,douglasitaliaspa@pecimprese.it,1
2073,"DUSSMANN SERVICE S.R.L.",,Milano,Milano,00124,"Via S.Gregorio, 552","06 72672785",,"direzionerisorseumane@pec.dussmann.it
H.R.",dussmann@gigapec.it,13
2074,E.BI.TEMP.,,NULL,NULL,,,,,,amministrazione@pec.ebitemp.it,1
2075,"EATALY DISTRIBUZIONE S.R.L.",,NULL,NULL,,"Via Nizza, 224 
Torino (TO)",,NULL,eatalyufficiopersonale@pec.it,eatalyufficiopersonale@pec.it,16
2076,EBINTER,,NULL,NULL,,,,NULL,,NULL,10
2077,"EG ITALIA S.P.A.",,NULL,NULL,,"VIALE A.G. EIFFEL 13-15
00148 ROMA RM",,NULL,egitaliaspa@legalmail.it,egitaliaspa@legalmail.it,10
2078,"EHSI S.R.L.",,NULL,NULL,,"VIA G. PORZIO 4
80143 NAPOLI (NA)",,NULL,EHSI@PEC.IT,EHSI@PEC.IT,8
2079,"ELIOR RISTORAZIONE SPA",,NULL,NULL,,"Via Benedetto Croce, 68
 00142 Roma (RM)",,NULL,elior.ristorazione@legalmail.it,elior.ristorazione@legalmail.it,13
2080,"EMME. CI. SRL",,NULL,NULL,,"L.go Colli Albani, 1500179 Roma",,,,postacertificata@pec.emmeci.eu,16
2081,"EMMEPIU'  S.R.L.",,Roma,Roma,00173,"Via Bernardino Alimena, 83",,,,EMMEPIU@LEGALMAIL.IT,12
2082,ENFAP,,NULL,NULL,,,,NULL,,NULL,10
2083,"ENIT- AGENZIA NAZIONALE DEL TURISMO",,Roma,Roma,00185,"Via Marghera, 2",,,direzionerisorseumane@cert.enit.it,direzionerisorseumane@cert.enit.it,2
2084,"ENTE BILATERALE DEL TURISMO - EBTL",,NULL,NULL,,,,NULL,,NULL,2
2085,"ERNST - YOUNG FINANCIAL - BUSINESS ADV",,NULL,NULL,,,,NULL,ey@legalmail.it,ey@legalmail.it,10
2086,"ERREBIAN S.P.A",,NULL,NULL,,"VIA DELL'INFORMATICA 8 00171 POMEZIA RM",,NULL,ERREBIAN-AMMINISTRAZIONE@GIGAPEC.IT,ERREBIAN-AMMINISTRAZIONE@GIGAPEC.IT,10
2087,"ESRI ITALIA S.P.A.",,NULL,NULL,,"VIA CASILINA 98,
00182 ROMA RM",,NULL,legale@pec.esri-italia.it,legale@pec.esri-italia.it,12
2088,"ESSILORLUXOTTICA ITALIA S.P.A. (EX GRANDVISION ITALY S.R.L.)",,NULL,NULL,,,,NULL,essilorluxotticaitalia@legalmail.it,essilorluxotticaitalia@legalmail.it,1
2089,"EURO & PROMOS S.P.A.",,NULL,NULL,,"VIA ANTONIO ZANUSSI 33100 UDINE (UD)",,NULL,EUROPROMOS@LEGALMAIL.IT,EUROPROMOS@LEGALMAIL.IT,3
2090,"EUROFER S.R.L.",,NULL,NULL,,"VIA TOMASINO D'AMICO 1
00166 ROMA RM","06 66181876",NULL,EUROFER2@PEC.IT,EUROFER2@PEC.IT,10
2091,"EUROPEAN SECURITY GROUP S.R.L.",,NULL,NULL,,"VIA ROBERTO MALATESTA 00179 ROMA RM",,NULL,ESG@LEGALMAIL.IT,ESG@LEGALMAIL.IT,17
2092,"EUROPLANET CASA",,NULL,NULL,,"VIALE J.F.KENNEDY
CIAMPINO",,NULL,EUROPLANET.CASA@PEC.IT,EUROPLANET.CASA@PEC.IT,10
2093,"EUROSPIN LAZIO S.P.A.",,NULL,NULL,,"Via Francesco Baracca, 2/4/604011 Aprilia (LT)",,,,ufficiopersonale@pec.eurospinlazio.it,10
2094,"EUTOURIST NEW SRL",,NULL,NULL,,"STRADA TORINO 31
10043 ORBASSANO, TO",,NULL,eutouristnew@legalmail.it,eutouristnew@legalmail.it,13
2095,"EY S.P.A.",,NULL,NULL,,,,NULL,ey@legalmail.it,ey@legalmail.it,10
2096,"EZI S.P.A.",,NULL,NULL,,"SEDE: VIA SAVONA 56/A
20144 MILANO (MI)",,NULL,AMMINISTRAZIONE.EZI@CERT.ZEGNA.IT,AMMINISTRAZIONE.EZI@CERT.ZEGNA.IT,10
2097,"F&B RETAIL S.R.L.",,NULL,NULL,,,,NULL,fbretail@legalmail.it,fbretail@legalmail.it,16
2098,"FACILITY SERVICE S.A.",,NULL,NULL,,,,NULL,FACILITYSERVICESOCCOOP@PEC.IT,FACILITYSERVICESOCCOOP@PEC.IT,16
2099,FARMACAP,,NULL,NULL,,"Via Ostiense, 131/L 00154 Roma (RM)",,,,direttore.generale@pec.farmacap.it,11
2100,"FARMACIA IL FARO S.R.L. ",,Civitavecchia,Roma,,,,,FARMACIAILFAROSRL@PEC.IT,FARMACIAILFAROSRL@PEC.IT,11
2101,"FARMACIA PORTUENSE SAS",,NULL,NULL,,"VIA PORTUENSE 425D",,NULL,FARMACIAPORTUENSESAS@PEC.IT,FARMACIAPORTUENSESAS@PEC.IT,11
2102,"FARMACRIMI DISTRIBUZIONE S.R.L.",,NULL,NULL,,,,,,farmacrimisrl@legalmail.it,11
2103,"FART FONDARTIGIANATO FORM.",,NULL,NULL,,,,NULL,,NULL,18
2104,"FAS S.R.L.",,NULL,NULL,,"VIA TERME DI TRAIANO 72   00053 CIVITAVECCHIA RM",,NULL,FASFORNITURE@LEGALMAIL.IT,FASFORNITURE@LEGALMAIL.IT,10
2105,FASIV,,NULL,NULL,,,,NULL,FASIV@LEGALMAIL.IT,FASIV@LEGALMAIL.IT,3
2106,"FAST SERVIZI E APPALTI SRL",,NULL,NULL,,"VIA BOCCHERINI 3   00198 ROMA RM",,,,FASTSERVIZIEAPPALTI@PEC.IT,10
2107,"FEDEGROUP S.R.L.",,NULL,NULL,,"PIAZZA DELLA REPUBBLICA 
20121 MILANO (MI)",,NULL,fedegroupsrl1@legalmail.it,fedegroupsrl1@legalmail.it,8
2108,"FENDI S.R.L.",,NULL,NULL,,,,,,FENDI@LEGALMAIL.IT,10
2109,"FIDELITAS SPA",,Bergamo,Bergamo,,,,,,fidelitasdirezione@legalmail.it,17
2110,"FIERA ROMA S.R.L.",,NULL,NULL,,"VIA PORTUENSE, 164-1647
 00148 ROMA",0665074.200,NULL,FIERAROMAPEC@PEC.IT,FIERAROMAPEC@PEC.IT,1
2111,"FINIMCOM S.R.L. **EX DES ROMA 2019",,NULL,NULL,,"V.LE SAN BARTOLOMEO 32  00046 GROTTAFERRATA RM",,NULL,,NULL,10
2112,"FLAR 3 S.R.L.",,NULL,NULL,,"EX CESED (DICO PDV VIA TAGLIAMENTO)",,,,flartresrl@legalmail.it,10
2113,"FLAVIA SERVIZI S.R.L.",,NULL,NULL,,"VIALE EUROPA 20 00055 LADISPOLI RM",,NULL,INFO@PEC.FLAVIASERVIZI.IT,INFO@PEC.FLAVIASERVIZI.IT,3
2114,"FLEMING 23 S.R.L.",,NULL,NULL,,,,NULL,,NULL,10
2115,"FLUNCH SRL",,NULL,NULL,,,,NULL,CERT1@PEC.FLUNCH.IT,CERT1@PEC.FLUNCH.IT,16
2116,FON.TER,,NULL,NULL,,,,NULL,,NULL,1
2117,"FONDAZIONE BIO PARCO DI ROMA",,NULL,NULL,,,,NULL,dir.amministrativabioparco@pec.it,dir.amministrativabioparco@pec.it,1
2118,"FONDAZIONE E.N.P.A.I.A.",,NULL,NULL,,"Viale Beethoven, 48
00144 Roma",,NULL,personale@enpaia.it,personale@enpaia.it,14
2119,"FONDAZIONE S.CARITA' NEL NOME DI PAPA GIOVANNI",,NULL,NULL,,,,NULL,FONDAZIONECARITA@LEGALMAIL.IT,FONDAZIONECARITA@LEGALMAIL.IT,10
2120,"FONDAZIONE UGO BORDONI",,NULL,NULL,,"VIALE DEL POLICLINICO,147
00161 ROMA",,NULL,amministrazionefub@postecert.it,amministrazionefub@postecert.it,1
2121,"FONDO DI PREVIDENZA MARIO NEGRI",,NULL,NULL,,,06/491236,,,segreteria@pec.fondonegri.it,10
2122,"FONDO EST - ENTE DI ASSISTENZA SANITARIA",,NULL,NULL,,"VIA CRISTOFORO COLOMBO,137
00145 ROMA (RM)",,NULL,fondoest@pec.fondoest.info,fondoest@pec.fondoest.info,1
2123,"FONDO FON.TE.",,NULL,NULL,,,,NULL,,NULL,1
2124,"FONDO FOR.TE",,NULL,NULL,,"Via Nazionale, 89/a
00184 Roma",,NULL,DIREZIONE@PEC.FONDOFORTE.IT,DIREZIONE@PEC.FONDOFORTE.IT,10
2125,"FONDO PENSIONE EUROFER",,NULL,NULL,,"VIA BARI, 20
00161 ROMA (RM)",,NULL,FONDOEUROFER@PEC.IT,FONDOEUROFER@PEC.IT,10
2126,FONDOPROFESSIONI,,NULL,NULL,,,,NULL,amministrazione@pecfondoprofessioni.it,amministrazione@pecfondoprofessioni.it,1
2127,"FOODIE 2020 SRL",,NULL,NULL,,,,NULL,FOODIEIMMOBILIARESRL@PEC.IT,FOODIEIMMOBILIARESRL@PEC.IT,16
2128,"FOODITALIA SRL",,NULL,NULL,,,,NULL,legal.fooditalia@pec.it.mcd.com,legal.fooditalia@pec.it.mcd.com,16
2129,"FOOT LOCKER ITALY S.R.L.",,Milano,Milano,20154,"VIA CERESIO 7 ",,,,foot_locker_italy@pec.trustedmail.intesa.it,10
2130,"FORMA CAMERA",,NULL,NULL,,,,NULL,formacamera@rm.legalmail.camcom.it,formacamera@rm.legalmail.camcom.it,18
2131,FORMA.TEMP,,NULL,NULL,,"Piazza Barberini, 52
00187 Roma (RM)",,NULL,direzione@pec.formatemp.it,direzione@pec.formatemp.it,1
2132,"FOTOTTICA 1860 S.R.L.",,NULL,NULL,,"P.ZZA DELLA REPUBBLICA 61
00185 ROMA (RM)",0686982296,NULL,OTTICAVASARI@PEC.IT,OTTICAVASARI@PEC.IT,10
2133,"FRATELLI BIANCHI FU MICHELE & C SPA",,NULL,NULL,,"VIA PRENESTINA 944   00155 ROMA RM",,NULL,FRATELLI-BIANCHI@PEC.FRATELLI-BIANCHI.IT,FRATELLI-BIANCHI@PEC.FRATELLI-BIANCHI.IT,10
2134,"FRATELLI MORSILLI SRL",,Frosinone,Frosinone,,,,,,,10
2135,"FREE SERVICE ROMA SRL",,NULL,NULL,,,,NULL,FREESERVICEROMA@LEGALMAIL.IT,FREESERVICEROMA@LEGALMAIL.IT,16
2136,"FRETTE SRL",,NULL,NULL,,"VIA PRINCIPE AMEDEO,320121 MILANO (MI)",,,FRETTE@LEGALMAIL.IT,FRETTE@LEGALMAIL.IT,1
2137,"FUD S.R.L.",,NULL,NULL,,,,NULL,FUD@PEC.IT,FUD@PEC.IT,16
2138,"G & M SUPERMERCATI S.R.L.",,NULL,NULL,,,,NULL,GEMSUPERMERCATI@UNAPEC.IT,GEMSUPERMERCATI@UNAPEC.IT,10
2139,"G.S. GENERSIS SECURITY S.R.L.",,NULL,NULL,,,,,GENERSISECURITY@PEC.IT,GENERSISECURITY@PEC.IT,15
2140,"G4 VIGILANZA SPA",,NULL,NULL,,"Via Arturo Cozzaglio, 2225125 Brescia",0303512322,,g4vigilanzasrl@legalmail.it,g4vigilanzasrl@legalmail.it,17
2141,"ZAFFIRO 3 SRL",,Roma,Roma,,"Via Sebastiano Ziani 12/D-14  ",,,,zaffiro3@pecpvs.it,10
2142,"GALLI INNOCENTI & C.",,NULL,NULL,,,,NULL,amministrazione@pec.gallinnocenti.it,amministrazione@pec.gallinnocenti.it,10
2143,"GAMESTOP ITALY S.R.L.",,NULL,NULL,,,,NULL,ITALYRE@PEC.GAMESTOP.COM,ITALYRE@PEC.GAMESTOP.COM,10
2144,"GBO ITALY S.P.A.",,NULL,NULL,,"VIA DEGLI ALDOBRANDESCI 300   00163 ROMA RM",,NULL,GBOITALY@LEGALMAIL.IT,GBOITALY@LEGALMAIL.IT,10
2145,"GDR STORE SRL",,NULL,NULL,,,,NULL,gdrstore@pecpvs.it,gdrstore@pecpvs.it,10
2146,"GELMAR NOVAMUSA AUDITORIUM S.C.A.R.L.",,NULL,NULL,,"Via Portuense, 35100149 Roma (RM)",,,"a.corriano@gruppogiannelli.it; annamaria@studio-vaccaro.com",gnauditorium@pec.it,1
2147,"GELMAR S.R.L.",,NULL,NULL,,,,,annamaria@studio-vaccaro.com,info.gruppogiannelli@pec.it,10
2148,"GEMOS SOC.COOP.",,Faenza,Ravenna,48018,"VIA DELLA PUNTA 21",0546600711,00353180391,,GEMOS@GEMOSPEC.IT,13
2149,"GENS AUREA S.P.A.",,NULL,NULL,,"VIA GIUSEPPE MAZZINI 22
23870 OSNAGO (LC)",,NULL,GENSAUREASPA@LEGALMAIL.IT,GENSAUREASPA@LEGALMAIL.IT,10
2150,"GEP S.R.L.",,NULL,NULL,,"VIA DELLA REPUBBLICA SNC 00053 CIVITAVECCHIA RM",,NULL,GEPSRL@PEC.FERRITAL.IT,GEPSRL@PEC.FERRITAL.IT,16
2151,"GEPIR S.R.L.",,NULL,NULL,,,,NULL,GEPIRSRL@LEGALMAIL.IT,GEPIRSRL@LEGALMAIL.IT,3
2152,"GESPAC S.R.L.",,NULL,NULL,,"Via del Rame snc frazione Ponte Felcino (PG) 06134",,,gespac@actaliscertymail.it,gespac@actaliscertymail.it,10
2153,"GFM S.R.L.",,NULL,NULL,,"VIA TIBERINA KM 19300   00065 FIANO ROMANO RM",,NULL,GIEFFEEMMESRL@LEGALMAIL.IT,GIEFFEEMMESRL@LEGALMAIL.IT,10
2154,"GI & EM SRL",,NULL,NULL,,"VIA BAIOLA 111 80075 
FORIO (NA)",,NULL,GIEMSRLISCHIA@LEGALMAIL.IT,GIEMSRLISCHIA@LEGALMAIL.IT,10
2155,"GI.GROUP S.P.A.",,NULL,NULL,,,,NULL,gigroup@pec.gigroup.it,gigroup@pec.gigroup.it,1
2156,"GIA.MA S.R.L.",,NULL,NULL,,"Via degli Olmetti, 4600060 FORMELLO",0690400456,,GIAMA@POSTECERT.IT,GIAMA@POSTECERT.IT,17
2157,"GIA.MA SRL (reception)",,NULL,NULL,,"VIA DEGLI OLMETTI,4600060 FORMELLO (RM)",,,GIAMA@POSTECERT.IT,GIAMA@POSTECERT.IT,15
2158,"GIANNETTA S.A.S. DI GIANNETTA DANILO & C.",,NULL,NULL,,"S.S 148
Pomezia (RM)",,NULL,giannettasas@legalmail.it,giannettasas@legalmail.it,16
2159,"GIANNI VERSACE S.P.A.",,NULL,NULL,,"VIA MANZONI ALESSANDRO,38
20121 MILANO (m))",,NULL,LEGALE.VERSACE@PCERT.POSTECERT.IT,LEGALE.VERSACE@PCERT.POSTECERT.IT,1
2160,"GILAR S.R.L.",,NULL,NULL,,,,NULL,GILAR@ARUBAPEC.IT,GILAR@ARUBAPEC.IT,18
2161,"GILAS S.R.L.",,NULL,NULL,,"VIA FORMIA 1 00177 ROMA (RM)",,NULL,GILASSRL@LEGALMAIL.IT,GILASSRL@LEGALMAIL.IT,10
2162,"GIOMI CARE SRL",,Civitavecchia,Roma,,,,,GIOMICARE@PEC.IT,GIOMICARE@PEC.IT,10
2163,"GIOVE 2023 S.R.L.",,NULL,NULL,,,,NULL,GIOVE2023.SRL@LEGALMAIL.IT,GIOVE2023.SRL@LEGALMAIL.IT,10
2164,"GIPAF S.R.L.",,NULL,NULL,,"VIA DEL BANCO DI S. SPIRITO 
00188 ROMA RM",,NULL,GI.PA.F.SRL@LEGALMAIL.IT,GI.PA.F.SRL@LEGALMAIL.IT,16
2165,"GLOBAL SECURITY AGENCY S.R.L.",,NULL,NULL,,"VIA GIULIO EMANUELE RIZZO  
00178 ROMA RM",,NULL,GSAVIGILANZA@LEGALMAIL.IT,GSAVIGILANZA@LEGALMAIL.IT,17
2166,"GLOBAL SHARED SERVICES S.R.L.",,NULL,NULL,,,,NULL,globalsharedservices@legalmail.it,globalsharedservices@legalmail.it,10
2167,"GLOBAL STARNET LTD",,NULL,NULL,,"Via di Torre Rossa, 66
00165 Roma (RM)",,NULL,globalstarnet@gs.telecompost.it,globalstarnet@gs.telecompost.it,1
2168,"GLORIOUS S.R.L.",,NULL,NULL,,"via casilina n1883
00132 roma rm",,NULL,GLORIOUS.SRL@LEGALMAIL.IT,GLORIOUS.SRL@LEGALMAIL.IT,16
2169,"GN SERVICE SRL",,NULL,NULL,,,,NULL,GNSERVICESRL@EPEC.IT,GNSERVICESRL@EPEC.IT,8
2170,"GN SUPERMERCATI S.R.L.",,NULL,NULL,,,,NULL,gnsupermercatisrl@legalmail.it,gnsupermercatisrl@legalmail.it,10
2171,"GO.WE.FIUGGI SRL",,NULL,NULL,,"PIAZZA SANDRO PERTINI SNC   
03100 FROSINONE FR",,NULL,GOWEFIUGGI@LEGALMAIL.IT,GOWEFIUGGI@LEGALMAIL.IT,2
2172,"GRABISTROT 2019 SRL",,NULL,NULL,,"VIA DELLE FORNACI 24 
00165 ROMA RM",,NULL,GRABISTROT2019SRL@LEGALMAIL.IT,GRABISTROT2019SRL@LEGALMAIL.IT,16
2173,"GRANDI PROGETTI S.R.L.",,NULL,NULL,,"Via Corso, 101 
00186 Roma (RM)",,NULL,grandiprogettisrl@pec.it,grandiprogettisrl@pec.it,10
2174,"GRANDI STAZIONI RAIL S.P.A",,NULL,NULL,,,0647841342,NULL,societariogsspa@legalmail.it,societariogsspa@legalmail.it,1
2175,"GRANDI STAZIONI RETAIL S.p.A.",,NULL,NULL,,"VIA GIOVANNI GIOLITTI, 34
00185 ROMA (RM)",,NULL,gsretailspa@legalmail.it,gsretailspa@legalmail.it,10
2176,"GROWING S.R.L.",,NULL,NULL,,"VIA DEGLI SCIPIONI 181  00192",063385792,NULL,GROWING2019@LEGALMAIL.IT,GROWING2019@LEGALMAIL.IT,10
2177,"GRUPPO 323 S.R.L.",,NULL,NULL,,,,NULL,gruppo323@legalmail.it,gruppo323@legalmail.it,10
2178,"GRUPPO NEGOZI S.R.L.",,NULL,NULL,,,,NULL,GRUPPONEGOZI@LEGALMAIL.IT,GRUPPONEGOZI@LEGALMAIL.IT,2
2179,"CESAR S.P.A.",,Roma,Roma,,,,,postacertificata@pec.grupposdasrl.it,cesarspa@pec.it,1
2180,"GRUPPO SERVIZI ASSOCIATI SPA (GSA SPA)",,NULL,NULL,,"Via di Cervara, 143/B-C00155 Roma (RM)",,,grupposerviziassociati@legalmail.it,grupposerviziassociati@legalmail.it,15
2181,"GS S.P.A.- GRUPPO CARREFOUR",,Roma,Roma,00128,"Viale deli Eroi di Rodi, 10 ",,,gsspa@legalmail.it,gsspa@legalmail.it,12
2182,"GSN S.R.L.",,NULL,NULL,,"VIA DE GASPERI 55 NAPOLI NA",,NULL,GSN.SRL@LEGALMAIL.IT,GSN.SRL@LEGALMAIL.IT,10
2183,"GUESS ITALIA S.R.L.",,NULL,NULL,,,,NULL,GUESS.ITALIA@PEC.IT,GUESS.ITALIA@PEC.IT,10
2184,"H501X S.R.L.",,NULL,NULL,,,,,H501XSRL@LEGALMAIL.IT,H501XSRL@LEGALMAIL.IT,15
2185,"HEALT ASSISTANCE SCPA",,NULL,NULL,,,,NULL,HEALTHASSISTANCE@LEGALMAIL.IT,HEALTHASSISTANCE@LEGALMAIL.IT,10
2186,"HELP DONNA SOC.COOP. SOCIALE",,NULL,NULL,,"VIA DEI SALI, 30
67100 L'AQUILA (AQ)",,NULL,helpdonna@pec.it,helpdonna@pec.it,18
2187,"HERBALIFE ITALIA S.P.A.",,NULL,NULL,,"VIALE CITTA' D'EUROPA 819  00144 ROMA RM",,NULL,DIREZIONE.HERBALIFE@PEC.IT,DIREZIONE.HERBALIFE@PEC.IT,10
2188,"HEXISS VIGILANZA S.R.L.",,Roma,Roma,00138,"SALITA DI CASTEL GIUBILEO 151 ",,,HEXISSVIGILANZA@PEC.IT,HEXISSVIGILANZA@PEC.IT,17
2189,"HILL'S PET NUTRITION SRL",,NULL,NULL,,"VIA A.G.EIFFEL 15   00148 ROMA (RM)",06545491,NULL,HILLSPET_SRL@LEGALMAIL.IT,HILLSPET_SRL@LEGALMAIL.IT,10
2190,"HILTON ITALIANA S.R.L.",,NULL,NULL,,,,,,HILTONITALIANA@PEC.IT,8
2191,"HONDA MOTO ROMA S.P.A.",,NULL,NULL,,,,NULL,AMMINISTRAZIONE@PEC.HONDAMOTOROMA.COM,AMMINISTRAZIONE@PEC.HONDAMOTOROMA.COM,10
2192,"HOTEL EDEN S.R.L.",,NULL,NULL,,"Via Ludovisi,49
00187 Roma (RM)",,NULL,HOTELEDENSRL@PEC.IT,HOTELEDENSRL@PEC.IT,8
2193,"HOTEL LA PERGOLA S.R.L.",,NULL,NULL,,,,,,HOTELLAPERGOLA@LAMIAPEC.IT,8
2194,"HOTEL LAURENTIA SRL",,NULL,NULL,,,,NULL,HOTELLAURENTIA@LAMIAPEC.IT,HOTELLAURENTIA@LAMIAPEC.IT,8
2195,"HOTEL NAZIONALE",,NULL,NULL,,"PIAZZA DI MONTE CITORIO 131
00186 ROMA RM",,NULL,HOTEL.NAZIONALE@PEC.HOTELNAZIONALE.IT,HOTEL.NAZIONALE@PEC.HOTELNAZIONALE.IT,8
2196,"HOTEL OPCO S.R.L.",,NULL,NULL,,"P.ZZALE DUSE,2 
20122 MILANO",,NULL,bcopcosrl@legalmail.it,bcopcosrl@legalmail.it,8
2197,"HOTEL SERVICES MANAGEMENT SRLS",,NULL,NULL,,"VIA DELLA GIULIANA 35",,,,HOTELSERVICES.SRLS@LEGALMAIL.IT,8
2198,"ROBERTO NALDI COLLECTION S.R.L.",,Napoli,Napoli,,"Via Posillipo 9",,,,robertonaldicollection@pec.it,8
2199,"I.S.S.V. SPA - INTERNATIONAL SECURITY SERVICE VIGILANZA SPA",,Roma,Roma,00169,"Via Casilina, 1109 ",066554021,,,issvigilanza@pec.it,17
2200,"I.S.S.V. SPA (APPALTO RAI)",,NULL,NULL,,,,NULL,,NULL,15
2201,"I.S.S.V. SPA INTERNATIONAL SECURITY SERVICE VIGILANZA (RECEPTION)",,NULL,NULL,,"VIA CASILINA,110900169 ROMA (RM)",,,ISSVIGILANZA@PEC.IT,ISSVIGILANZA@PEC.IT,15
2202,"I.V.H. S.R.L. - INIZIATIVE VENETE S.C.",,NULL,NULL,,"ISOLA NOVA DEL RONCHETTO 14
30135 VENEZIA",,NULL,INFO@PEC.IVHSRL.IT,INFO@PEC.IVHSRL.IT,8
2203,"ICTS ITALIA S.R.L.",,NULL,NULL,,"Via Collegentilesco 29/b",0676260630,,ictsitalia@legalmail.it,ictsitalia@legalmail.it,17
2204,"ID KIDS ITALY S.R.L",,NULL,NULL,,"Via Cairoli 9
Bologna (BO)",,NULL,okaidiitalysrl@pec.it,okaidiitalysrl@pec.it,10
2205,"IGT LOTTERY S.P.A.",,NULL,NULL,,"V.LE CAMPO BOARIO 00154 ROMA RM",,NULL,IGTLOTTERY@PEC.IT,IGTLOTTERY@PEC.IT,10
2206,"IKEA ITALIA RETAIL SRL",,NULL,NULL,,"Via Casale Redicicoli, 501 00139 Roma (RM)",,,ikeaitaliaretail@legalmail.it,ikeaitaliaretail@legalmail.it,12
2207,"IL BANDOLO DELLA MATASSA S.R.L.",,NULL,NULL,,"Via Cavour, 108
00184 Roma",,NULL,cafuil.rm0@pec.cafuil.it,cafuil.rm0@pec.cafuil.it,1
2208,"INDEEP ARTIFICIAL INTELLIGENCE SRL",,NULL,NULL,,,,NULL,INDEEP@PECIMPRESE.IT,INDEEP@PECIMPRESE.IT,10
2209,"INNOVA S.P.A.",,NULL,NULL,,"Via Pontina Vecchia Km 31.700 
00040 Pomezia (RM)",,NULL,innovaspa@legalmail.it,innovaspa@legalmail.it,13
2210,"INNOVA S.P.A. (Civitavecchia)",,NULL,NULL,,,,NULL,INNOVASPA@LEGALMAIL.IT,INNOVASPA@LEGALMAIL.IT,13
2211,"IN'S MERCATO SPA",,Venezia,Venezia,,,,,,insmercato@pec.insmercato.it,10
2212,"INSIEME3PA S.R.L.",,NULL,NULL,,"VIA TIBERINA KM 19.300 
FIANO ROMANO (RM)",,NULL,INSIEME3PASRL@LEGALMAIL.IT,INSIEME3PASRL@LEGALMAIL.IT,1
2213,"INTERFLORA ITALIA S.P.A.",,NULL,NULL,,"VIA GIACOMO DINA 36
00128 ROMA RM",,NULL,interfloraitalia@pec.it,interfloraitalia@pec.it,10
2214,"INTERNATIONAL HEALTH SERVICE SOC.COOP.",,NULL,NULL,,"VIA MARCELLO ALESSIO 180   00133 ROMA RM",,NULL,IHS@LEGALMAIL.IT,IHS@LEGALMAIL.IT,18
2215,"INTERSOS ORG.UMAN. ONLUS",,Roma,Roma,,"VIA ANIENE 26A00198 ROMA RM",,,INTERSOS@PEC.IT,INTERSOS@PEC.IT,3
2216,"INVIMIT SGR S.P.A.",,NULL,NULL,,"VIA IV NOVEMBRE 144
00187 ROMA RM",,NULL,,NULL,10
2217,"IPERSERVICE SOC.COOP.",,NULL,NULL,,"VIA ALESSANDRO MANZONI 367   PERUGIA (PG)",,NULL,IPERSERVICE@PEC.IT,IPERSERVICE@PEC.IT,3
2218,"RETELIT DIGITAL SERVICES S.P.A.",,Roma,Roma,00155,"VIA BARDANZELLU 124",800585383,,,RETELITDIGITALSERVICES@PEC.IT,10
2219,"ISOCLEAN S.R.L.",,NULL,NULL,,,,NULL,ISOCLEAN@LEGALMAIL.IT,ISOCLEAN@LEGALMAIL.IT,8
2220,"ISS FACILITY SERVICES SRL",,NULL,NULL,,,,NULL,ISSFACILITYSERVICES@LEGALMAIL.IT,ISSFACILITYSERVICES@LEGALMAIL.IT,3
2221,"ISTITUTO DI VIGILANZA PRIVATA DELLA PROVINCIA DI VITERBO SRL",,NULL,NULL,,,,,personale@pecgruppomrc.it,personale@pecgruppomrc.it,17
2222,"ISTITUTO PIA SOC. FIGLIE S. PAOLO",,NULL,NULL,,,,NULL,direzionehr@paoline.it,direzionehr@paoline.it,10
2223,"ISTITUTO VIGILANZA METROPOLITANA SRL",,NULL,NULL,,"VIA DELLE ALZAVOLE,5100169 ROMA  (RM)",,,IVM@MESSAGGIPEC.IT,IVM@MESSAGGIPEC.IT,17
2224,"ITACA RISTORAZIONE E SERVIZI S.R.L.",,NULL,NULL,,"VIA DELLA TECNICA,300030 SAN CESAREO (RM)",,,,itacaristorazioneeservizi@legalmail.it,13
2225,"ITAL UIL",,NULL,NULL,,,,NULL,amministrazione@pec.italuil.it,amministrazione@pec.italuil.it,1
2226,"ITALIAN FACILITY GROUP S.R.L.",,Milano,Milano,,"COLOGNO MONZESE (MI)V.LE SPAGNA 62",,,italianfacilitygroup@legalmail.it,italianfacilitygroup@legalmail.it,15
2227,"ITALPOL SERVIZI FIDUCIARI S.R.L.",,Roma,Roma,,,,,,amministrazione@pec.italpolservizifiduciari.it,15
2228,"ITALPOL VIGILANZA SRL",,Roma,Roma,"00166 ","Via Monte Carmelo, 3",,,ITALPOLVIGILANZA@LEGALMAIL.IT,ITALPOLVIGILANZA@LEGALMAIL.IT,17
2229,"ITALSERVIZI 2007 SRL",,NULL,NULL,,"Via Monte Carmelo, 300186 Roma (RM)",,,ITALSERVIZI2007@LEGALMAIL.IT,ITALSERVIZI2007@LEGALMAIL.IT,15
2230,"ITTICA 2EMME SRLS",,NULL,NULL,,,,NULL,ittica2emme@pec.it,ittica2emme@pec.it,10
2231,"IULIA SRL",,NULL,NULL,,,,NULL,iuliasrl249@pec.it,iuliasrl249@pec.it,16
2232,"IVS GROUP SA",,NULL,NULL,,"Via dell'Artigianato, 25
Seriate, BG",0257523130,NULL,ivsgroupcertifiedmail@postacertificata.com,ivsgroupcertifiedmail@postacertificata.com,10
2233,"IVS ITALIA S.P.A.",,NULL,NULL,,"Via dell'Artigianato, 25
24068 Seriate (BG)",,NULL,PEC.IVSITALIA@IVSITALIA.IT,PEC.IVSITALIA@IVSITALIA.IT,10
2234,"JOINT BILLION ITALY COMPANY SRL",,Roma,Roma,00100,,,,,jointbillionitalysrl@pec.it,16
2235,"JOULE S.R.L.",,Monastir,Cagliari,09023,"S.S. KM 15200  LOC. SU FRAIGU",,,JOULESRL@PECPVS.IT,JOULESRL@PECPVS.IT,10
2236,"KARATTI SRL",,NULL,NULL,,"VIA PORTOGRUARO 7  00182 ROMA RM",,NULL,KARATTI@PEC.IT,KARATTI@PEC.IT,10
2237,"KASANOVA S.P.A.",,NULL,NULL,,"VIALE MONTE ROSA 91
20862 ARCORE MB",,NULL,kasanovaspa@pec.kasanova.it,kasanovaspa@pec.kasanova.it,10
2238,"KEY PARTNER S.R.L.",,NULL,NULL,,,,NULL,KEYPARTNER@PEC.IT,KEYPARTNER@PEC.IT,10
2239,"KORIAN S.R.L.",,NULL,NULL,,,,NULL,IMMOBILIAREMARINADISORSO.SRL@LEGALMAIL.IT,IMMOBILIAREMARINADISORSO.SRL@LEGALMAIL.IT,10
2240,"LA MIMOSA S.R.L.",,NULL,NULL,,,,,LAMIMOSAINLIQSRL@LEGALMAIL.IT,LAMIMOSAINLIQSRL@LEGALMAIL.IT,10
2241,"LA RINASCENTE S.P.A.",,NULL,NULL,,,,NULL,RINASCENTE@PEC.IT,RINASCENTE@PEC.IT,12
2242,"LA TORRE ISTITUTO DI VIGILANZA S.R.L.",,NULL,NULL,,"VIA ACQUASANTA 15 
84131 SALERNO (SA)",,NULL,vigilanzalatorre@pec.it,vigilanzalatorre@pec.it,17
2243,"LADISA S.R.L.",,Bari,Bari,,"Via Guglielmo Lindemann, 5/3 -5/4 70132 Bari (BA)",,,ladisa.ristorazione@legalmail.it,ladisa.ristorazione@legalmail.it,13
2244,"LAGARDERE TRAVEL RETAIL ITALIA S.R.L.",,Marcon,Venezia,30020,"Via Fratelli Bandiera 73",0665955570,,,lagarderetritalia@legalmail.it,16
2245,"LE MILLE E UNA NOTTE COOP.SOC.",,NULL,NULL,,,,NULL,LEMILLEEUNANOTTE@PEC.IT,LEMILLEEUNANOTTE@PEC.IT,18
2246,"L'ELETTRICA DI PAOLO & M. S.R.L.",,NULL,NULL,,"VIA GREGORIO XI, 20
00166 ROMA (RM)",,NULL,LELETTRICADIPAOLO@PEC.IT,LELETTRICADIPAOLO@PEC.IT,1
2247,"LIDL ITALIA S.R.L.",,NULL,NULL,,"VIA CANGIANO, 2 03012 ANAGNI (FR)",,,lidl_italia@legalmail.it,lidl_italia@legalmail.it,12
2248,"LIGURIA OPCO S.R.L.",,NULL,NULL,,"VIA LIGURIA 36",,NULL,LIGURIA.OPCO@LEGALMAIL.IT,LIGURIA.OPCO@LEGALMAIL.IT,8
2249,"LINDT & SPRÜNGLI S.P.A.",,NULL,NULL,,"L.GO EDOARDO BULGHERONI 1   21056  INDUNO OLONA (VA)",,,,lindthr@certimprese.it,10
2250,"LINK FINANZIARIA S.P.A.",,NULL,NULL,,,,NULL,LINKFINANZIARIA@LEGALMAIL.IT,LINKFINANZIARIA@LEGALMAIL.IT,10
2251,"LIS HOLDING S.P.A.",,NULL,NULL,,"V.LE CAMPO BOARIO 14   00154 ROMA RM",,NULL,LISHOLDING@PEC.LISHOLDING.IT,LISHOLDING@PEC.LISHOLDING.IT,10
2252,"LOCAM GESTIONI S.R.L.",,NULL,NULL,,,,NULL,LOCAMGESTIONISRL@LEGALMAIL.IT,LOCAMGESTIONISRL@LEGALMAIL.IT,10
2253,"LOIACONO E BRILLA LOGISTICA SRL",,NULL,NULL,,,,NULL,LOIACONOEBRILLA.LOGISTICASRL@PEC.IT,LOIACONOEBRILLA.LOGISTICASRL@PEC.IT,18
2254,"LS TRAVEL RETAIL ROMA S.R.L.",,NULL,NULL,,,,NULL,LSTR@LEGALMAIL.IT,LSTR@LEGALMAIL.IT,10
2255,"LTD MARKET S.R.L.",,NULL,NULL,,"VIA BOLGHERI 73   00148  ROMA RM",,NULL,ltdmarketsrl@legalmail.it,ltdmarketsrl@legalmail.it,10
2256,"LUCANA SERVIZI S.R.L.",,Roma,Roma,,,,,AMMINISTRAZIONE@PEC.LUCANASERVIZI.IT,AMMINISTRAZIONE@PEC.LUCANASERVIZI.IT,3
2257,"LUCCI SALVINA S.R.L.",,NULL,NULL,,,,NULL,LUCCI.SAS@PEC.IT,LUCCI.SAS@PEC.IT,8
2258,"LUISA VIA ROMA",,NULL,NULL,,,,NULL,AMMINISTRAZIONE@PEC.LUISAVIAROMA.IT,AMMINISTRAZIONE@PEC.LUISAVIAROMA.IT,10
2259,"LUONGO SECURITY SRL",,NULL,NULL,,"VIA DI TORREVECCHIA, 901
00168 ROMA (RM)",,NULL,MAIL@PEC.LUONGOSECURITY.COM,MAIL@PEC.LUONGOSECURITY.COM,17
2260,"LUSH ITALIA S.R.L.",,NULL,NULL,,"VIA ATTO VANNUCCI 20135 MILANO (MI)",,NULL,LUSHMILANO@PEC.IT,LUSHMILANO@PEC.IT,10
2261,"LVMH PROFUMI E COSMETICI SRL",,NULL,NULL,,"VIA VEZZA D'OGLIO 7   20139 MILANO MI",,NULL,LVMHPROFUMIECOSMETICI@LEGALMAIL.IT,LVMHPROFUMIECOSMETICI@LEGALMAIL.IT,10
2262,"M.F. SRL",,NULL,NULL,,"C.SO ANTONIO GRAMSCI 79 
GENZANO DI ROMA 00045 RM",,NULL,M.FSRL@LEGALMAIL.IT,M.FSRL@LEGALMAIL.IT,10
2263,"MAGAZZINI GABRIELLI S.P.A.",,NULL,NULL,,,,NULL,MAGAZZINIGABRIELLI@PEC.TRUSTEDMAIL.INTESA.IT,MAGAZZINIGABRIELLI@PEC.TRUSTEDMAIL.INTESA.IT,12
2264,"MAGESTIC SRL",,NULL,NULL,,"VIA TIBERINA KM 19.3000
00065 FIANO ROMANO (RM)",,NULL,MAGESTIC@LEGALMAIL.IT,MAGESTIC@LEGALMAIL.IT,1
2265,"MAGLIONE S.R.L.",,Chieti,Chieti,66100,"VIA PADRE UGO FRASCA SNC",,,,maglionesrl@pec.it,16
2266,"MAIORANA MAGGIORINO S.P.A.",,Roma,Roma,8300173,"Via Bernardino Alimena 83",,,,maioranamaggiorino@legalmail.it,1
2267,"MAISON DU MONDE ITALIE S.R.L.",,NULL,NULL,,"Via Alessandro Volta, 8 
00054 Fiumicino (RM)",,NULL,mdmitalie@legalmail.it,mdmitalie@legalmail.it,10
2268,"MAMA SRL",,NULL,NULL,,"VIA TIBERINA KM 19.300, 00065
FIANO ROMANO",,NULL,mama1srl@legalmail.it,mama1srl@legalmail.it,10
2269,"MANGEST SRL",,NULL,NULL,,"VIA BRACCIANESE CLAUDIA 00066
MANZIANA (RM)",,NULL,MANGEST@PEC.IT,MANGEST@PEC.IT,10
2270,"MAPI ROMA S.R.L.",,NULL,NULL,,"VIA DELLE AZAVOLE 71  00169 ROMA",,NULL,MAPIROMASRL@LEGALMAIL.IT,MAPIROMASRL@LEGALMAIL.IT,10
2271,"MAPI S.R.L.",,NULL,NULL,,"VIA DELL'ARCIVESCOVADO 18
TORINO TO",,NULL,MAPISPA@LEGALMAIL.IT,MAPISPA@LEGALMAIL.IT,16
2272,"MARGHERITA DISTRIBUZIONE S.P.A.",,NULL,NULL,,"Strada 8 Palazzo N, sncFrazione Milanofiori20089 Rozzano (MI)",,,"auchan@pec.it ",auchan@pec.it,10
2273,"MARKET 4S S.R.L.",,NULL,NULL,,,,NULL,MARKET4SSRL@LEGALMAIL.IT,MARKET4SSRL@LEGALMAIL.IT,10
2274,"MARKET MANAGEMENT SRL",,NULL,NULL,,"VIA DEI FAGGELLA",,NULL,marketmanagement@legalmail.it,marketmanagement@legalmail.it,10
2275,"MARSH S.P.A.",,NULL,NULL,,,,NULL,marsh@cert.marsh.it,marsh@cert.marsh.it,10
2276,"MARTA STORE SRL",,NULL,NULL,,,,NULL,MARTASTORE@PECPVS.IT,MARTASTORE@PECPVS.IT,10
2277,"MARTE 2022 S.R.L.",,NULL,NULL,,"VIA LORENZO MAGALOTTI 15,
00197 ROMA",,NULL,marte2022.srl@legalmail.it,marte2022.srl@legalmail.it,10
2278,"MASTER CLEAN MULTISERVIZI SRL",,Frosinone,Frosinone,,,,,MASTERCLEAN@PEC.IT,MASTERCLEAN@PEC.IT,3
2279,"MAXIMA S.R.L.",,NULL,NULL,,,,NULL,personale.maxima@legalmail.it,personale.maxima@legalmail.it,10
2280,"MC DONALD'S DEVELOPMENT ITALY LLC",,Assago,Milano,"20090 ","Via del Bosco Rinnovato, 6 Edificio U7 - Milanofiori Nord",,"09499510155 ","NOPEC_PERMESSOSINDACALE
",payroll@pec.it.mcd.com,16
2281,"MDC FAST FOOD SRL",,NULL,NULL,,,,NULL,mdcfastfood@pec.it,mdcfastfood@pec.it,16
2282,"MEDAGLIE D'ORO MARKET SRL",,NULL,NULL,,"VIA IGINO LEGA 12 00189 ROMA RM",,NULL,medagliedoromarketsrl@pec.it,medagliedoromarketsrl@pec.it,10
2283,"MEDIAMARKET SPA",,NULL,NULL,,"Via Enrico Fermi, 4
24035 Curno (BG)",,NULL,mediamarket@mediamarket.telecompost.it,mediamarket@mediamarket.telecompost.it,1
2284,"MELITE ITALIA S.R.L.",,NULL,NULL,,,,NULL,,NULL,1
2285,"MERANESE SERVIZI S.P.A.",,NULL,NULL,,,,NULL,MERANESE.SERVIZI@CERT.CNA.IT,MERANESE.SERVIZI@CERT.CNA.IT,3
2286,"MERCATO SRL",,NULL,NULL,,"VIA FATEBENEFRATELLI,34
20121 MILANO (MI)",,NULL,MERCATO@PEC.IT,MERCATO@PEC.IT,16
2287,"MERCEDES BENZ FINANCIAL SERVICES",,NULL,NULL,,,,NULL,dcsf@legalmail.it,dcsf@legalmail.it,10
2288,"MERCEDES BENZ ITALIA S.P.A.",,NULL,NULL,,,,NULL,mbi@mercedesbenzitalia.postacert.it,mbi@mercedesbenzitalia.postacert.it,10
2289,"MERCEDES BENZ LEASE SRL (EX CHARTERWAY)",,NULL,NULL,,,,,,mbli@legalmail.it,10
2290,"AUTOTORINO S.P.A.",,Roma,Roma,000131,"Via Zoe Fontana, 22",0645144331,,,AUTOTORINO@PEC.IT,10
2291,"MERCURIO S.R.L.S.",,NULL,NULL,,,,NULL,MERCURIOSRLSUNIPERSONALE@PEC.IT,MERCURIOSRLSUNIPERSONALE@PEC.IT,3
2292,"METRO ITALIA CASH AND CARRY S.P.A.",,NULL,NULL,,,,,METROPEC@LEGALMAIL.IT,METROPEC@LEGALMAIL.IT,12
2293,"METROPOL SERVIZI DI SICUREZZA S.R.L.",,Frosinone,Frosinone,,"VIA MOLA DEI FRATI 14  03100 FROSINONE FR",,,METROPOLSRL@PEC.IT,METROPOLSRL@PEC.IT,17
2294,"MG S.R.L.S.",,NULL,NULL,,"V.LE AMERICA",,NULL,MGISRLS@GIGAPEC.IT,MGISRLS@GIGAPEC.IT,10
2295,"MIDALI SRL",,NULL,NULL,,"VIA FRATELLI BRONZETTI,23
20129 MILANO (MI)",,NULL,MIDALI.AMMINISTRAZIONE@PEC.IT,MIDALI.AMMINISTRAZIONE@PEC.IT,1
2296,"MIKI TRAVEL AGENCY ITALIA S.R.L.",,NULL,NULL,,"CORSO D'ITALIA 39/A 
00198 ROMA",0684572450,NULL,mikitravel.agencyitalia@legalmail.it,mikitravel.agencyitalia@legalmail.it,2
2297,"MINORCA S.R.L.",,NULL,NULL,,"VIA TIBERINA KM 19.300
FIANO ROMANO (RM)",,NULL,minorcasrl@legalmail.it,minorcasrl@legalmail.it,10
2298,"MIROGLIO FASHION S.R.L.",,NULL,NULL,,"Via S. Margherita, 2312051 - Alba (CN)",,,,mirogliofashion@pec.miroglio.com,1
2299,"MKT S.R.L.S.",,NULL,NULL,,"VIALE MANNELLI 5   TIVOLI",,NULL,MKTSRLS@LEGALMAIL.IT,MKTSRLS@LEGALMAIL.IT,18
2300,"MONDADORI RETAIL SPA",,NULL,NULL,,"Via Bianca di Savoia, 12
20122 Milano (MI)",,NULL,mondadoriretail@pec.mondadori.it,mondadoriretail@pec.mondadori.it,1
2301,"VEDETTA 2 MONDIALPOL S.P.A.",,Como,Como,22100,"Via Scalabrini 76 ",,,AMMINISTRAZIONE.CO@PEC.MONDIALPOL.IT,AMMINISTRAZIONE.CO@PEC.MONDIALPOL.IT,17
2302,"MONEYGRAM INTERNATIONAL S.P.R.L.",,NULL,NULL,,"VIA BOMBAY 5, 00144 ROMA (RM)",06931851,NULL,moneygram@legalmail.it,moneygram@legalmail.it,10
2303,"MONTECARLO IMMOBILIARE SPA",,NULL,NULL,,,,NULL,montecarlospaimmobiliare@dadapec.com,montecarlospaimmobiliare@dadapec.com,8
2304,"MOTORCITY S.R.L.",,NULL,NULL,,,,NULL,MOTORCITY.G.MONTEFUSCO@UNICERT.IT,MOTORCITY.G.MONTEFUSCO@UNICERT.IT,10
2305,"MR GB S.r.l.",,NULL,NULL,,"VIA UMBERTO I, 13/A
00030 COLONNA (RM)",,NULL,MRGBSRL@LEGALMAIL.IT,MRGBSRL@LEGALMAIL.IT,16
2306,"MULTISERVICE GROUP SOC.COOP.",,NULL,NULL,,"VIA DEVITOFRANCESCO 2/I
70124 BARI (BA)",,NULL,MSG@MYPEC.EU,MSG@MYPEC.EU,18
2307,"MULTISERVIZI DEI CASTELLI DI MARINO S.P.A.",,NULL,NULL,,,,NULL,direttore@pec.multiservizimarino.it,direttore@pec.multiservizimarino.it,11
2308,"MULTISERVIZI DEI CASTELLI DI MARINO S.P.A. - P.ESERCIZI",,NULL,NULL,,,,,direttore@pec.multiservizimarino.it,direttore@pec.multiservizimarino.it,13
2309,"MUTUA MBA",,NULL,NULL,,,,,MBAMUTUA@LEGALMAIL.IT,MBAMUTUA@LEGALMAIL.IT,10
2310,"MYCHEF RISTORAZIONE COMMERCIALE SPA",,NULL,NULL,,,,NULL,MYCHEF@PEC.IT,MYCHEF@PEC.IT,16
2311,"NAIL ONE Srl",,NULL,NULL,,"via Amsterdam 130 
00144 Roma",,NULL,nailone@legalmail.it,nailone@legalmail.it,18
2312,"NAPOLIONES S.R.L.",,NULL,NULL,,"LUNGOTEVERE DE' CENCI, 9
00186 ROMA (RM)",,NULL,napoliones@pec.it,napoliones@pec.it,10
2313,"NATIONAL SERVICE (Civitavecchia)",,NULL,NULL,,,,NULL,,NULL,15
2314,"NATIONAL SERVICES SRL",,NULL,NULL,,"Via Angelo Bargoni, 800153 Roma (RM)",06854561,,nationalservicesgroup@pec.it,nationalservicesgroup@pec.it,15
2315,"NATUNA SRL",,NULL,NULL,,,,,DIREZIONE.GENERALE@PEC.NATUNA.IT,DIREZIONE.GENERALE@PEC.NATUNA.IT,15
2316,"NESPRESSO ITALIANA S.P.A.",,NULL,NULL,,,,NULL,nespresso@nespresso.telecompost.it,nespresso@nespresso.telecompost.it,10
2317,"NEW AIR CLEAN S.R.L.S.",,NULL,NULL,,"V.LE GIUSEPPE MAZZINI 112
00195 ROMA RM",,NULL,NEWAIRCLEAN@PEC.IT,NEWAIRCLEAN@PEC.IT,3
2318,"NEW GENERATION SERVICE S.R.L.",,Roma,Roma,,,,,N.G.S.SRL@PEC.IT,N.G.S.SRL@PEC.IT,15
2319,"NEW MARKET S.R.L.",,NULL,NULL,,"VIA ZOE FONTANA 220
00139 ROMA RM",,NULL,newmarketsrl@legalmail.it,newmarketsrl@legalmail.it,10
2320,"NEW SPECCHIO SOC. COOP.",,NULL,NULL,,"VIA GIOVANNI BONELLI    00128 ROMA RM",,NULL,COOPNEWSPECCHIO@LEGALMAIL.IT,COOPNEWSPECCHIO@LEGALMAIL.IT,3
2321,"NEXUM STP S.P.A.",,NULL,NULL,,"Via Nairobi, 40
00144 Roma (RM)",,NULL,szstp@lamiapec.it,szstp@lamiapec.it,1
2322,"NH ITALIA SPA",,NULL,NULL,,,,NULL,nhitalia@legalmail.it,nhitalia@legalmail.it,8
2323,"NORDEST SERVIZI S.R.L.",,NULL,NULL,,,,NULL,AMMINISTRAZIONE@PEC.SERVIZINORDEST.EU,AMMINISTRAZIONE@PEC.SERVIZINORDEST.EU,3
2324,"NORDOVEST INSIEME S.R.L.",,NULL,NULL,,"VIA AROLA 55 CASAL DEL MARMO RM",,NULL,tirrenoinsieme@pecpvs.it,tirrenoinsieme@pecpvs.it,12
2325,"NORDOVEST INSIEME S.R.L. (Civitavecchia)",,NULL,NULL,,,,NULL,,NULL,12
2326,"NOVOMATIC ITALIA S.P.A.",,NULL,NULL,,"Via Galla Placidia,247922 Rimini",,,nispa@postaleg.it,nispa@postaleg.it,1
2327,"NUOVA SIDAP (raccordo)",,NULL,NULL,,,,,,oil.nuovasidap@legalmail.it,16
2328,"NUOVA SIDAP SRL",,NULL,NULL,,,,,,oil.nuovasidap@legalmail.it,16
2329,"NUOVARREDO S.R.L.",,NULL,NULL,,"VIA DI BOCCEA 684  00166 ROMA RM",,NULL,NUOVARREDO.SRL@PEC.IT,NUOVARREDO.SRL@PEC.IT,10
2330,"OPEN SERVICE S.R.L.",,NULL,NULL,,"VIA VENIER 5 320020 MARCON VE",,NULL,OPENSERVICE@PEC.IT,OPENSERVICE@PEC.IT,3
2331,"OPERA NAZIONALE MONTESSORI",,NULL,NULL,,"VIA SAN GALLICANO 7
00153 ROMA (RM)",,NULL,operanazionalemontessori@pec.it,operanazionalemontessori@pec.it,10
2332,"OPERA NAZIONALE PER LA CITTA' DEI RAGAZZI",,NULL,NULL,,"L.go Citta' dei Ragazzi, 100163 Roma (RM)",,,,amministrazione-oncr@pec.it,1
2333,"OPERBINGO ITALIA SPA",,Roma,Roma,00166,"Via Cornelia, 498",,,,risorse.umane@pec.codere.com,16
2334,"ORIGINAL MARINES S.P.A.",,NULL,NULL,,,,NULL,IMAPEXPORTSPA@LEGALMAIL.IT,IMAPEXPORTSPA@LEGALMAIL.IT,10
2335,"OUTSOURCE NOW S.R.L.",,NULL,NULL,,"VIA RODOLFO LANCIANI 69",,NULL,OUTSOURCENOW@LEGALMAIL.IT,OUTSOURCENOW@LEGALMAIL.IT,8
2336,"OVS S.P.A.",,NULL,NULL,,"Venezia (VE) Via Terraglio 17",,,ovs@pec.ovs.it,ovs@pec.ovs.it,10
2337,"P.STOP SRL",,NULL,NULL,,,,NULL,P.STOP-SRL@PEC.IT,P.STOP-SRL@PEC.IT,10
2338,"PAC 2000 SOC. COOPERATIVA",,NULL,NULL,,,,NULL,PAC2000A@ACTALISCERTYMAIL.IT,PAC2000A@ACTALISCERTYMAIL.IT,10
2339,"PACE S.R.L.",,NULL,NULL,,"VIA MONTE DEL GALLO 113
00165 ROMA (RM)",,NULL,AMMINISTRAZIONE@PEC.HOTELCASATRANOI.COM,AMMINISTRAZIONE@PEC.HOTELCASATRANOI.COM,8
2340,"PAGANINI ROMA SRL",,NULL,NULL,,"VIA TIBURTINA VALERIA KM 20     00019 GUIDONIA MONTECELIO (RM)",,NULL,PAGANINIROMASRL@LEGALMAIL.IT,PAGANINIROMASRL@LEGALMAIL.IT,1
2341,"PALOMBINI EUR",,NULL,NULL,,,,NULL,PALOMBINI@PEC.IT,PALOMBINI@PEC.IT,16
2342,"PALOMBINI RICEVIMENTI SRL",,NULL,NULL,,,,NULL,palombini.ricevimenti@pec.it,palombini.ricevimenti@pec.it,16
2343,"PAM PANORAMA SPA",,Spinea,Venezia,30038,"Via delle Industrie, 8",,,,pampanorama@pec.gruppopam.it,10
2344,"PANAPESCA S.P.A",,NULL,NULL,,,,NULL,CONTABILITA@PANAPESCA.LEGALMAIL.IT,CONTABILITA@PANAPESCA.LEGALMAIL.IT,10
2345,"PANIFICIO NUR SRL",,NULL,NULL,,"VIA TRINCEA DELLE FRASCHE",,NULL,PANIFICIONURSRL@PEC.IT,PANIFICIONURSRL@PEC.IT,10
2346,"PAPALINI S.P.A.",,NULL,NULL,,"Via Paolo Borsellino 9
61032 Fano (PU)",072186032,NULL,PAPALINISPA@LEGALMAIL.IT,PAPALINISPA@LEGALMAIL.IT,3
2347,"PARCHEGGIARE S.R.L.",,NULL,NULL,,"VIA FABIO FILZI 2
MILANO 20124 MI",0331073400,NULL,parcheggiare@legalmail.it,parcheggiare@legalmail.it,16
2348,"PARIOLI TRAVEL SERVICE S.r.l.",,NULL,NULL,,"VIA NIZZA, 45
00198 ROMA (RM)",,NULL,pts@certificazioneposta.it,pts@certificazioneposta.it,10
2349,"PARK HOTEL VILLA GRAZIOLI S.R.L.",,NULL,NULL,,,,NULL,parkhotelvillagrazioli@legalmail.it,parkhotelvillagrazioli@legalmail.it,8
2350,"PARR CREDIT (WHITESTAR S.R.L.)",,NULL,NULL,,"VIA PIEVE TORINA 44/46 A 00156 ROMA RM",,NULL,pec@pec.whitestar-as.it,pec@pec.whitestar-as.it,10
2351,"PARTITO DEMOCRATICO",,NULL,NULL,,"VIA S. ANDREA DELLE FRATTE
00187 ROMA RM",,NULL,segretaria@partitodemocratico.it,segretaria@partitodemocratico.it,10
2352,"PATRIMI ITALIA SRL",,NULL,NULL,,,,NULL,PATRIMIITALIASRL@LEGALMAIL.IT,PATRIMIITALIASRL@LEGALMAIL.IT,10
2353,"PAYMENT SERV.LIMITED - AMERICAN EXPRESS",,NULL,NULL,,,,NULL,,NULL,10
2354,"PC CUBE S.R.L.",,NULL,NULL,,"VIA BARBERINI 29
00187 ROMA (RM)",,NULL,POSTACERT@PEC.PCCUBE.COM,POSTACERT@PEC.PCCUBE.COM,10
2355,"PEDEVILLA  SPA",,NULL,NULL,,"Via della Fonte Meravigliosa, 74/76
00143 Roma (RM)",,NULL,pedevillaspa@legalmail.it,pedevillaspa@legalmail.it,13
2356,"PEGASO 97 SRL",,NULL,NULL,,"VIA DI TORRE ARGENTINA 47 ROMA (RM) 00186",,NULL,PEGASO.97@LEGALMAIL.IT,PEGASO.97@LEGALMAIL.IT,16
2357,"PEGASO SECURITY S.P.A.",,Rende,Cosenza,87036,"VIA FABIO ROSSI, 92","800 831 838",08061680727,PEGASOSECURITYSPA@PECIMPRESE.IT,PEGASOSECURITYSPA@PECIMPRESE.IT,17
2358,"PELLEGRINI S.p.A. (Santa Marinella)",,NULL,NULL,,,,NULL,,NULL,13
2359,"PELLEGRINI SPA",,NULL,NULL,,"Via Abbondio San Giorgio,
20145 Milano",,NULL,segreteria.presidenza@pec.gruppopellegrini.it,segreteria.presidenza@pec.gruppopellegrini.it,13
2360,"PENNY MARKET ITALIA S.R.L.",,NULL,NULL,,"VIA   PRENESTINA   890   00155   (RM)",,,,POSTACERT-BILLA@PEC.IT,12
2361,"PERRIGO ITALIA S.R.L.",,NULL,NULL,,,,NULL,direzioneperrigo@pec-legal.it,direzioneperrigo@pec-legal.it,1
2362,"MM CASAL BERTONE S.R.L.",,Roma,Roma,,,,,,MMCASALBERTONESRL@LEGALMAIL.IT,12
2363,"PIEMME S.P.A. - CONCESSIONARIA DI PUBBLICITA' ",,Roma,Roma,00191,"C.SO DI FRANCIA 200",,,,piemmespa@pec.piemmeonline.it,10
2364,"PLANET GAME 2001 S.R.L.",,NULL,NULL,,"VIA DELLE GINESTRE 5
80077 ISCHIA (NA)",,NULL,A.BRANDI@CONSULENTIDELLAVOROPEC.IT,A.BRANDI@CONSULENTIDELLAVOROPEC.IT,10
2365,"POLIZIOTTO NOTTURNO S.R.L.",,NULL,NULL,,,,NULL,POLIZIOTTONOTTURNO@CASELLACERTIFICATA.IT,POLIZIOTTONOTTURNO@CASELLACERTIFICATA.IT,17
2366,"PONTIFICIO ATENEO SALESIANO",,NULL,NULL,,,,NULL,BARDUCA@UNISAL.IT,BARDUCA@UNISAL.IT,18
2367,"PORT AUTHORITY SECURITY SRL",,NULL,NULL,,"CIVITAVECCHIA   (ITALIA)  LOCALITA' IL SARACENO   SNC   00053   (RM)",,,portauthoritysecurity@pec.it,portauthoritysecurity@pec.it,17
2368,"PORTO TURISTICO TRAIANO CIVITAVECCHIA",,Civitavecchia,Roma,,"VIA AURELIA S.S. 1 - KM. 67,580 CIVITAVECCHIA (RM) 00053 Telefono :   07665052",,,rivaditraiano@pec.it,rivaditraiano@pec.it,17
2369,"POWER I.S. & I. SRLS",,NULL,NULL,,"VIA LAURENTINA 203  00142 ROMA RM",,NULL,POWER.ISI@LAMIAPEC.IT,POWER.ISI@LAMIAPEC.IT,10
2370,"PRENATAL SPA",,NULL,NULL,,"Via delle Primule 5
20815 Cogliate (MB)",,NULL,legale@pec.prenatal.com,legale@pec.prenatal.com,10
2371,"PRESTIGE S.R.L.",,NULL,NULL,,"P.ZZA TEATRO SAN FERDINANDO 8
80139 NAPOLI",,NULL,PRESTIGESRL@GIGAPEC.IT,PRESTIGESRL@GIGAPEC.IT,17
2372,"PRESTITO 24 S.R.L.",,NULL,NULL,,"VIA GUIDO ZANOBINI 50",,NULL,prestito24@pec.prestito24.it,prestito24@pec.prestito24.it,10
2373,"PRICEWATERHOUSECOOPERS SERVICES SRL",,NULL,NULL,,,,NULL,res-company@pec.it,res-company@pec.it,1
2374,"PRIMADONNA S.P.A.",,NULL,NULL,,"PARCO COMMERCIALE BARESE 231
70032 BITONTO (BA)",,NULL,primadonnacollection@pec.it,primadonnacollection@pec.it,10
2375,"PRIME FOR YOU SRL",,NULL,NULL,,,,NULL,marco.fasciani@pec.it,marco.fasciani@pec.it,16
2376,"PRIMIZIA S.R.L.",,NULL,NULL,,,,NULL,primiziasrl2020@legalmail.it,primiziasrl2020@legalmail.it,10
2377,"PROGETTO DONNA PIU'",,NULL,NULL,,,,NULL,PROGETTODONNAPIU@LEGALMAIL.IT,PROGETTODONNAPIU@LEGALMAIL.IT,18
2378,"PROVINCIA S.GIOVANNA ANTIDA DELLE SUORE DELLA CARITA'",,NULL,NULL,,,,NULL,PROVINCIASGA@PEC.PROVINCIAGIOVANNANTIDA.IT,PROVINCIASGA@PEC.PROVINCIAGIOVANNANTIDA.IT,18
2379,"PULISERIN S.R.L.S.",,NULL,NULL,,"VIA DI VALLELUNGA 5   00068 MORLUPO RM",,NULL,puliserinsrls@legalmail.it,puliserinsrls@legalmail.it,8
2380,"PULISERVICE ITALIA S.R.L.S.",,NULL,NULL,,"VIA PIETRO DELLA VALLE 00193 ROMA RM",0633225181,NULL,PULISERVICEITALIASRLS@LEGALMAIL.IT,PULISERVICEITALIASRLS@LEGALMAIL.IT,3
2381,"PUMA EUROPE GMBH",,NULL,NULL,,"VIA ROGGIA BARTOLOMEA, 9
20090 ASSAGO (MI)",,NULL,puma@unapec.it,puma@unapec.it,1
2382,"Q EXCELSIOR ITALIA SRL",,NULL,NULL,,"P.ZZA DUCA D'AOSTA,9
20124 MILANO (mi)",,NULL,Q.EXCELSIORITALIA.SRL@LEGALMAIL.IT,Q.EXCELSIORITALIA.SRL@LEGALMAIL.IT,8
2383,QUAS,,NULL,NULL,,,,NULL,INFO@QUAS.IT,INFO@QUAS.IT,1
2384,"RANGERS S.R.L.",,NULL,NULL,,"VIA LUCA DELLA ROBBIA,25
36016 THIENE (VI)",,NULL,VIGILANZARANGERS@LEGALMAIL.IT,VIGILANZARANGERS@LEGALMAIL.IT,17
2385,"RE ITALY 21 SRL",,NULL,NULL,,,,NULL,LANGOBARDRE@LEGALMAIL.IT,LANGOBARDRE@LEGALMAIL.IT,10
2386,"RE ITALY S.R.L.",,NULL,NULL,,,,NULL,reitalysrl@legalmail.it,reitalysrl@legalmail.it,10
2387,"REAR S.C.",,NULL,NULL,,,,,REAR-SC@PEC.IT,REAR-SC@PEC.IT,15
2388,"REGINAL S.R.L.",,NULL,NULL,,,,NULL,REGINAL@PEC.IT,REGINAL@PEC.IT,16
2389,"REGIS HOTELS  MANAGEMENT ITALY SRL",,NULL,NULL,,,,NULL,srgmanagement@legalmail.it,srgmanagement@legalmail.it,8
2390,REKEEP,,NULL,NULL,,,,NULL,rekeep@pec.rekeep.com,rekeep@pec.rekeep.com,1
2391,"RETAIL GROUP S.P.A.",,NULL,NULL,,"VIA G.GIOLITTI
00185 ROMA RM",,NULL,COMUNICAZIONI@PEC.RETAILGROUP.IT,COMUNICAZIONI@PEC.RETAILGROUP.IT,10
2392,"RETAIL ITALIA NETWORK S.R.L.",,NULL,NULL,,"C.SO PORTA VITTORIA16
20122MILANO MI",,NULL,RETAILITALIANETWORK@LEGALMAIL.IT,RETAILITALIANETWORK@LEGALMAIL.IT,10
2393,"RICOS S.R.L.",,NULL,NULL,,"VIA NAZIONALE 4  
88064 CHIARAVALLE (CZ)",,NULL,RICOSSRL@ARUBAPEC.IT,RICOSSRL@ARUBAPEC.IT,13
2394,"RISORSE PER ROMA S.P.A.",,NULL,NULL,,"P.LE DEGLI ARCHIVI 34-36
00144 ROMA",0683199100,NULL,presidente@pec.rpr-spa.it,presidente@pec.rpr-spa.it,10
2395,"RISORSE S.R.L.",,NULL,NULL,,,,NULL,RISORSEPEC@LEGALMAIL.IT,RISORSEPEC@LEGALMAIL.IT,10
2396,"ROAD HOUSE GRILL ROMA S.R.L.",,NULL,NULL,,"P.ZZA ANTONIO MEUCCI 5  00053 FIUMICINO RM",,NULL,roadhouse.roma@pec.roadhousegrill.it,roadhouse.roma@pec.roadhousegrill.it,16
2397,"ROADHOUSE S.P.A",,"Castelvetro Di Modena",Modena,,"VIA MODENA 53",,,,comunicazioni@pec.roadhouse.it,16
2398,"ROCCO FORTE E FAMILY ROME SPA",,NULL,NULL,,"VIA DEL BABUINO 9
ROMA (RM) 00187","06 328881",NULL,rfhrome@pec.it,rfhrome@pec.it,8
2399,"ROCO HOSPITALITY GROUP S.R.L.",,NULL,NULL,,,,NULL,rhg@legalmail.it,rhg@legalmail.it,1
2400,"ROMA CONVENTION GROUP S.p.A.",,NULL,NULL,,"VIA DELLA PITTURA, 5000144 ROMA (RM)",,,,CONGRESSIROMA@PEC.IT,1
2401,"ROMA UNION SECURITY S.R.L.",,NULL,NULL,,,,,ROMAUNIONSECURITY@LEGALMAIL.IT,ROMAUNIONSECURITY@LEGALMAIL.IT,17
2402,"ROMA VIA DEL CORSO S.R.L.",,NULL,NULL,,"FORO BONAPARTE, 51
20121 MILANO (MI)",,NULL,,NULL,16
2403,"ROMAN 14 S.R.L.",,NULL,NULL,,"VIA AMENDOLA N. 2/4
00045 GENZANO ROMA",,NULL,ROMAN14@PEC.IT,ROMAN14@PEC.IT,10
2404,"ROMANA DIESEL SPA",,NULL,NULL,,"Via Collatina, 456
 00155 Roma (RM)",,NULL,romanadiesel@pec.it,romanadiesel@pec.it,10
2405,"ROSATI AUTO S.R.L.",,NULL,NULL,,,,NULL,rosatiauto@pec.it,rosatiauto@pec.it,10
2406,"ROSCIOLI E PALLAVICINI SRL",,NULL,NULL,,,,NULL,ROSCIOLIEPALLAVICINI@LEGALMAIL.IT,ROSCIOLIEPALLAVICINI@LEGALMAIL.IT,8
2407,"ROYAL SAS DI DEZI E C.",,NULL,NULL,,"VIA IV NOVEMBRE 5   TARQUINIA VT",,NULL,ROYALSAS@LEGALPEC.ME,ROYALSAS@LEGALPEC.ME,3
2408,"RUBIC S.R.L.",,NULL,NULL,,"Piazzale Di Porta Pia 116
Roma (RM)",,NULL,rubic@legalmail.it,rubic@legalmail.it,10
2409,"RUSSOTTI GESTIONI HOTELS SPA",,NULL,NULL,,,,NULL,COMUNICAZIONI@PEC.RUSSOTTFINANCE.COM,COMUNICAZIONI@PEC.RUSSOTTFINANCE.COM,8
2410,"S GAMES S.R.L.",,NULL,NULL,,"VIA ENRICO FERMI 11
MENTANA (RM)",,NULL,SGAMES@PEC.IT,SGAMES@PEC.IT,10
2411,"S.C.R. GROUP SRL",,NULL,NULL,,"VIA G.ROVANI 7 20123 MILANO MI",,,SCRGROUPSRL@PECIMPRESE.IT,SCRGROUPSRL@PECIMPRESE.IT,18
2412,"S.E.K.I. SRL",,NULL,NULL,,"VIA CALDERA 21 (MI)",,NULL,seki@pec.it,seki@pec.it,10
2413,S.I.A.G.A.,,NULL,NULL,,"VIA VITTORIO VENETO,169
00187 ROMA (RM)",,NULL,ROSEGARDENPALACE@PEC.IT,ROSEGARDENPALACE@PEC.IT,8
2414,"S.I.M.I. - SOCIETA' ITALIANA MEDICINA INTERNA",,NULL,NULL,,,,NULL,AMMINISTRAZIONESIMI@P.CERT.POSTECERT.IT,AMMINISTRAZIONESIMI@P.CERT.POSTECERT.IT,10
2415,"S.ITALIA SRL",,NULL,NULL,,"VIA DELLE ANTILLE
POMEZIA 00126 RM",,NULL,S.ITALIA@LEGALMAIL.IT,S.ITALIA@LEGALMAIL.IT,13
2416,"SA.MA. S.R.L.",,NULL,NULL,,"VIA DI TOR BELLA MONACA, 353
00133 ROMA (RM)",,NULL,sama67@arubapec.it,sama67@arubapec.it,16
2417,"SABA ITALIA S.P.A.",,NULL,NULL,,,,NULL,SABAITALIA@PEC.SABAIT.IT,SABAITALIA@PEC.SABAIT.IT,10
2418,"SAFETY KLEEN ITALIA S.P.A.",,NULL,NULL,,,,NULL,skitalia@pec.safetykleen.it,skitalia@pec.safetykleen.it,10
2419,"SALESFORCE.COM ITALY S.R.L.",,NULL,NULL,,,,NULL,SALESFORCECOMITALYSRL@LEGALMAIL.IT,SALESFORCECOMITALYSRL@LEGALMAIL.IT,10
2420,"SALVATORE FERRAGAMO",,NULL,NULL,,"VIA TORNABUONI,250123 FIRENZE",,,,SALVATORE.FERRAGAMO@LEGALMAIL.IT,1
2421,"SALVATORE NALDI GROUP S.N.G. SRL",,NULL,NULL,,"VIA SAN GIACOMO,32
80133 NAPOLI (NA)",,NULL,salvatorenaldigroupsrl@legalmail.it,salvatorenaldigroupsrl@legalmail.it,8
2422,"SAMSIC ITALIA S.P.A.",,NULL,NULL,,,,NULL,SAMSICITALIA@LEGALMAIL.IT,SAMSICITALIA@LEGALMAIL.IT,3
2423,"SAN GIORGIO S.R.L.",,NULL,NULL,,"VIA DI SAPONARA 220 ACILIA (RM)",,NULL,sangiorgiosrl2019@legalmail.it,sangiorgiosrl2019@legalmail.it,10
2424,SANIMPRESA,,NULL,NULL,,,,NULL,SANIMPRESA@PEC.IT,SANIMPRESA@PEC.IT,10
2425,"SANITERCOOP SOC.COOP. SOCIALE",,NULL,NULL,,,,NULL,SANITARCOOP@LEGALMAIL.IT,SANITARCOOP@LEGALMAIL.IT,3
2426,"SAPIENZA INNOVAZIONE S.R.L.",,NULL,NULL,,"VIALE REGINA ELENA 291   00166 ROMA RM",,NULL,SAPIENZAINNOVAZIONE@PEC.IT,SAPIENZAINNOVAZIONE@PEC.IT,10
2427,"SAVE THE CHILDREN ITALIA - ETS",,NULL,NULL,,"VIA VOLTURNO,5800185 ROMA (RM)",,,hra.savethechildren@postecert.it,legal.savethechildren@postecert.it,1
2428,"SCHWABE PHARMA ITALIA",,NULL,NULL,,"VIA SILVIO MENESTRINA 1 39044 
EGNA BZ",,NULL,SCHWABE@PEC.IT,SCHWABE@PEC.IT,11
2429,"SECURITAS METRONOTTE S.R.L.",,Roma,Roma,,,,,SECURITAS.METRONOTTE@PEC.IT,SECURITAS.METRONOTTE@PEC.IT,17
2430,"SECURITAS METRONOTTE S.r.l. (Non Armata )",,NULL,NULL,,,,,,,15
2431,"SECURITAS VIGILANZA SRL",,NULL,NULL,,"VIA DI TORRE SANT'ANASTASIA  00134 ROMA RM",,NULL,SECURITAS.VIGILANZA@LEGALMAIL.IT,SECURITAS.VIGILANZA@LEGALMAIL.IT,17
2432,"SECURITY SERVICE S.RL. (SERVIZI FIDUCIARI)",,NULL,NULL,,,,,,,15
2433,"SECURITY SERVICE SRL",,Roma,Roma,00147,"Via Cristoforo Colombo, 163 ",,,,security-service@pec.security-service.it,17
2434,"SECURITY.IT S.R.L.",,"San Cesareo",Roma,00030,"VIA PRUSST SNC",06232514,,TRAVISSPA@LEGALMAIL.IT,TRAVISSPA@LEGALMAIL.IT,17
2435,"SECURPOOL S.R.L.",,NULL,NULL,,"STRADA ORTANA VECCHIA SNC NARNI , TERNI TR",07441923612,NULL,SECURPOOLSRL@INVIAPEC.IT,SECURPOOLSRL@INVIAPEC.IT,17
2436,"SEGESTA LATINA S.P.A.",,NULL,NULL,,,,NULL,segestalatina@cdcsangiuseppe.com,segestalatina@cdcsangiuseppe.com,10
2437,"SEGIT SRL",,NULL,NULL,,,,NULL,SEGIT@LEGALMAIL.IT,SEGIT@LEGALMAIL.IT,10
2438,"SEPHORA ITALIA S.P.A.",,Milano,Milano,,"Piazza Vetra 17",065574220,,,sephoraitalia@legalmail.it,1
2439,"SERENISSIMA RISTORAZIONE S.P.A.",,NULL,NULL,,"VIA DELLA SCIENZA, 26
36100 VICENZA (VI)",,NULL,serenissimapersonale@pec.it,serenissimapersonale@pec.it,13
2440,"SERVIZI IN COMUNE S.P.A.",,Pomezia,Roma,,,,,pec@pec.serviziincomune.com,pec@pec.serviziincomune.com,18
2441,"SERVIZI IN RETE 2001 SRL",,NULL,NULL,,"VIA LEOPOLDO SERRA, 32
00153 ROMA (RM)",,NULL,SERVIZIINRETE2001@PEC.TABACCAI.IT,SERVIZIINRETE2001@PEC.TABACCAI.IT,1
2442,"SERVIZI INTEGRATI SRL",,Roma,Roma,00187,"VIA SISTINA,121",,,SERVIZI-INTEGRATI@CERT-POSTA.IT,SERVIZI-INTEGRATI@CERT-POSTA.IT,13
2443,"SEVITALIA SICUREZZA S.R.L.",,NULL,NULL,,"Via degli Orti Flaviani, 400147 Roma",065180750,,sevitaliasicurezza@legalmail.it,sevitaliasicurezza@legalmail.it,17
2444,"SEVITALIA SICUREZZA SRL (RECEPTION)",,NULL,NULL,,"VIS DEGLI ORTI FLAVIANI 400147 ROMA",,,SEVITALIASICUREZZA@LEGALMAIL.IT,SEVITALIASICUREZZA@LEGALMAIL.IT,15
2445,"SG FAST FOOD  S.R.L.",,NULL,NULL,,"Via Casilina, 1883
00133 Roma",,NULL,sgfastfoodsrl@pec.it,sgfastfoodsrl@pec.it,16
2446,"SG LOGISTICS SRL",,NULL,NULL,,"VIA FOGLIANO 10  00199 ROMA RM (SEDE)",,NULL,SGLOGISTICSSRL@LEGALMAIL.IT,SGLOGISTICSSRL@LEGALMAIL.IT,10
2447,"SHOES E BAGS COLLECTION SRLS",,NULL,NULL,,,,NULL,SHOESEBAGSCOLLECTION@PEC.IT,SHOESEBAGSCOLLECTION@PEC.IT,10
2448,"SICURITALIA SERVIZI DI SICUREZZA SPA",,NULL,NULL,,,,,,SICURITALIA.SDS@LEGALMAIL.IT,15
2449,"SICURITALIA SERVIZI FIDUCIARI SOC.COOP.",,NULL,NULL,,"Via Martino Anzi,8
22100 Como (CO)",,NULL,SICURITALIASF@LEGALMAIL.IT,SICURITALIASF@LEGALMAIL.IT,15
2450,"SICURITALIA IVRI SPA",,Como,Como,"22100 ","VIA BELVEDERE, 2/A",,,,sicuritalia@legalmail.it,17
2451,"SIENA DISTRIBUZIONE SRL ",,Civitavecchia,Roma,,,,,sienadistribuzione@pec.it,sienadistribuzione@pec.it,10
2452,"SILICONDEV S.P.A.",,NULL,NULL,,"Via Andrea Millevoi 10
00178 Roma",,NULL,silicondevspa@legalmail.it,silicondevspa@legalmail.it,1
2453,"SIN S.P.A.",,NULL,NULL,,,,NULL,PROTOCOLLO.SIN@PEC.IT,PROTOCOLLO.SIN@PEC.IT,10
2454,"SIRIO S.P.A.",,NULL,NULL,,"Via Filippo Re, 43/45
48124 Ravenna (RA)",,NULL,SIRIOBAR@LEGALMAIL.IT,SIRIOBAR@LEGALMAIL.IT,16
2455,"SISTEMI DI SICUREZZA S.R.L.",,NULL,NULL,,"Via Bassano, 180059 Torre del Greco (NA)",,,sistemidisicurezza@pec.it,sistemidisicurezza@pec.it,15
2456,"SKS 365 MALTA LIMITED",,NULL,NULL,,,,NULL,sks365group@legalmail.it,sks365group@legalmail.it,10
2457,"SM ITALIA SRL",,NULL,NULL,,"Strada Massimo D Azeglio 21 
Parma (PR)",,NULL,sm.pec@legalmail.it,sm.pec@legalmail.it,10
2458,"SMILE ROMA MARKET S.R.L.",,NULL,NULL,,"VIA IGINO LEGA
00189 ROMA (RM)",,NULL,SMILEROMA.MARKET@LEGALMAIL.IT,SMILEROMA.MARKET@LEGALMAIL.IT,16
2459,"SO.CHI.MA S.R.L. ",,NULL,NULL,,,,,sochima@legalmail.it,sochima@legalmail.it,10
2460,"SOC.COOP.ARTWARE SERVICES",,NULL,NULL,,,,NULL,ARTWARESERVICES@PEC.BUFFETTI.IT,ARTWARESERVICES@PEC.BUFFETTI.IT,18
2461,"SOCCER SRL",,Roma,Roma,00187,"Via Emilia 47",066786514,,,SOCCER@PEC.IT,1
2462,"SOCIETA' COOPERATIVA SOCIALE M.MONTESSORI",,NULL,NULL,,"VIA TERNI 109   01033 
C.CASTELLANA VT",,NULL,MARIAMONTESSORISOCIETACOOPERATIVASOCIALE@PEC.IT,MARIAMONTESSORISOCIETACOOPERATIVASOCIALE@PEC.IT,18
2463,"SOCIETA' INTERNAZIONALE NUOVI ALBERGHI PER AZIONI-S.I.N.A. S.P.A.",,NULL,NULL,,"Via II Prato n°42
50123 Firenze (FI)",,NULL,sinahotels@pec.sinahotels.com,sinahotels@pec.sinahotels.com,8
2464,"SOCIO SANITARIA POMEZIA SRL",,NULL,NULL,,"S.S. 148, VIA PONTINA KM 31.400",,NULL,pec@pec.sociosanitaria.it,pec@pec.sociosanitaria.it,3
2465,"SODEXO ITALIA SPA",,Fiumicino,Roma,"00054 ","Via delle Arti, 151",,,sodexohrlabourelations@legalmail.it,sodexodirezamm@legalmail.it,13
2466,"SOGEST SRL",,NULL,NULL,,"VIA CARMELO BENE,70/72
00139 ROMA (RM)",,NULL,SOGEST_SRL1@LEGALMAIL.IT,SOGEST_SRL1@LEGALMAIL.IT,3
2467,"SOLIDARIETA' E LAVORO SOC. COOP. A R.L.",,NULL,NULL,,"Via Orazio Raimondo, 33
 00173 Roma (RM)",0672672393,NULL,solidarietaelavoroscarl@pec.it,solidarietaelavoroscarl@pec.it,13
2468,"SONEPAR ITALIA S.P.A.",,NULL,NULL,,"RIVIERA MAESTRI DEL LAVORO 24 PADOVA (PD) 35127","049 8292111",,soneparitalia@legalmail.it,soneparitalia@legalmail.it,1
2469,"SOTUR SRL",,NULL,NULL,,"VIA MONTE DELLE GIOIE,13
00199 ROMA",,NULL,DIREZIONE@PEC.SUBITOVIAGGI.IT,DIREZIONE@PEC.SUBITOVIAGGI.IT,1
2470,"SPORT FASHION SERVICE S.R.L.",,NULL,NULL,,"VIA MESSICO 12 
00071 POMEZIA RM",,NULL,SPORTFASHIONSERVICE@PEC.IT,SPORTFASHIONSERVICE@PEC.IT,10
2471,"SPRING 2016 S.R.L.S.",,NULL,NULL,,,,NULL,spring2016@legalmail.it,spring2016@legalmail.it,16
2472,"STARHOTELS SPA",,NULL,NULL,,"Via Filippo Turati 29 
Milano (MI)",05536921,NULL,starhotels@legalmail.it,starhotels@legalmail.it,8
2473,"STEDA S.R.L.",,NULL,NULL,,"Via Castel San Giorgio, 215
00054 Fiumicino (RM)",,NULL,STEDASRL1@LEGALMAIL.IT,STEDASRL1@LEGALMAIL.IT,10
2474,"STELAC S.R.L.",,NULL,NULL,,"Via Formia,1 
00177 Roma (RM)",,NULL,stelacsrl@legalmail.it,stelacsrl@legalmail.it,10
2475,"STILE LIBERO SOC.COOP. SOCIALE",,NULL,NULL,,"VIA VECCHIA FURIA 03011 ALATRI FR",,NULL,STILE.LIBERO@LEGALMAIL.IT,STILE.LIBERO@LEGALMAIL.IT,18
2476,"STM ITALIA C&O S.P.A.",,Roma,Roma,00124,"Viale Alessandro Magno, 146",065073327,,,STMITALIACO@PEC.IT,10
2477,"STROILI ORO",,NULL,NULL,,,,NULL,STROILIORO@LEGALMAIL.IT,STROILIORO@LEGALMAIL.IT,10
2478,"STRYKER ITALIA S.R.L.",,NULL,NULL,,,,NULL,stryker.pec@strykeritalia.legalmail.it,stryker.pec@strykeritalia.legalmail.it,1
2479,"STUDIO LEGALE E TRIBUTARIO - S.L.T.",,NULL,NULL,,"Via Po,28
00100 Roma (RM)",,NULL,,NULL,10
2480,"STUDIO MAJOLINO",,NULL,NULL,,"P.ZZA VERBANO 16
00199 ROMA (RM)",,NULL,A.MAJOLINO@CONSULENTIDELLAVOROPEC.IT,A.MAJOLINO@CONSULENTIDELLAVOROPEC.IT,10
2481,"SUPERFRUTTA 2000 SRL",,NULL,NULL,,"VIA SAN ROCCO 27   00412 
CISTERNA DI LATINA (LT)",,NULL,SUPERFRUTTASRL@PEC.IT,SUPERFRUTTASRL@PEC.IT,10
2482,"SUPERPOL VIGILANZA S.R.L.",,NULL,NULL,,,,,,superpolvigilanzasrl@legalmail.it,17
2483,"SYSTEM DATA CENTER",,NULL,NULL,,,,NULL,SYSTEMDATACENTER@PEC.IT,SYSTEMDATACENTER@PEC.IT,1
2484,"TARMA S.R.L.",,NULL,NULL,,,,,TARMASRL@LEGALMAIL.IT,TARMASRL@LEGALMAIL.IT,12
2485,"TEAM SERVICE SOC. CONSORTILE A R.L.",,NULL,NULL,,"Piazza Attilio Pecile, 4 00154 Roma (RM)",,,,teamserviceconsortile@pec.it,10
2486,"TECNO SERVICE CAMERE SCPA",,NULL,NULL,,,,NULL,DIREZIONE.TECNOSERVICECAMERE@LEGALMAIL.IT,DIREZIONE.TECNOSERVICECAMERE@LEGALMAIL.IT,10
2487,"TECNOMEETING S.R.L.",,NULL,NULL,,"VIA PIETRO ADAMOI 96  00168 ROMA RM",,NULL,AMMINISTRAZIONE@PEC.TECNOMEETING.IT,AMMINISTRAZIONE@PEC.TECNOMEETING.IT,10
2488,TELEBUNA,,NULL,NULL,,,,NULL,TELEBUNA@LEGALMAIL.IT,TELEBUNA@LEGALMAIL.IT,10
2489,"THC ITALIA SRL",,NULL,NULL,,,,NULL,THCITALIASRL@LEGALMAIL.IT,THCITALIASRL@LEGALMAIL.IT,10
2490,"TIGER ITALIA 1 S.R.L.",,Torino,Torino,10138,"Via Villar Focchiardo 5",,,,tigeritalia1@pec.tigeritalia.com,10
2491,"TITANO SERVIZI S.R.L.",,NULL,NULL,,,,NULL,TITANOSERVIZISRL@LEGALMAIL.IT,TITANOSERVIZISRL@LEGALMAIL.IT,3
2492,"TO MAKE FASHION GROUP S.R.L.",,NULL,NULL,,,,NULL,TOMAKEFASHIONGROUPSRL1@LEGALMAIL.IT,TOMAKEFASHIONGROUPSRL1@LEGALMAIL.IT,10
2493,"TOP SERVICE SRL",,NULL,NULL,,"VIA TIBURTINA 547  
00159 ROMA ROMA",,NULL,TOPSERVICESRL@LAMIAPEC.IT,TOPSERVICESRL@LAMIAPEC.IT,10
2494,"TRADICA S.R.L.",,NULL,NULL,,"VIA OSTIENSE 361/367",,NULL,tradica@pecpvs.it,tradica@pecpvs.it,10
2495,"TRAVELPORT ITALIA S.R.L.",,NULL,NULL,,,,NULL,travelportitalia@namirialpec.it,travelportitalia@namirialpec.it,10
2496,"TRIUMPH INTERNATIONAL ROME S.p.A.",,NULL,NULL,,"VIA SAN BOVIO, 3
SEGRATE (MI)",,NULL,DG-TRIUMPH@LEGALMAIL.IT,DG-TRIUMPH@LEGALMAIL.IT,1
2497,"UDISENS SRL",,NULL,NULL,,"VIA DELLE SETTE CHIESE, 233
00147 ROMA (RM)",,NULL,RMXX.UDISENS@INTERFREEPEC.IT,RMXX.UDISENS@INTERFREEPEC.IT,1
2498,"UIL DI ROMA E DEL LAZIO",,NULL,NULL,,"Via Cavour, 108
00184 Roma",,NULL,ammlazio@uillazio.it,ammlazio@uillazio.it,1
2499,"UIL RUA",,NULL,NULL,,"VIA UMBRIA 15 00187 ROMA RM",,NULL,FEDERAZIONE.UILSCUOLARUA@PEC.UILRUA.IT,FEDERAZIONE.UILSCUOLARUA@PEC.UILRUA.IT,10
2500,UILTEMP,,NULL,NULL,,"VIA LUCULLO, 6
ROMA",,NULL,,NULL,10
2501,"UILTEMP LAZIO",,NULL,NULL,,,,NULL,,NULL,10
2502,"UILTuCS DI ROMA E LAZIO",,Roma,Roma,00184,"Via Cavour, 14700184 Roma",064880910,,,posta@uiltucsromaelazio.it,1
2503,UIM,,NULL,NULL,,,,NULL,,NULL,1
2504,"UNICOOP TIRRENO SOC. COOP.",,NULL,NULL,,"Strada Statale Aurelia Km 237 snc
Frazione: Riotorto Piombino (LI)",056524111,NULL,UNICOOPTIRRENOSC@LEGALMAIL.IT,UNICOOPTIRRENOSC@LEGALMAIL.IT,10
2505,"UNIEURO S.P.A.",,Forli',Forlì-Cesena,,"Via Schiapparelli, 31",,,,ufficiopaghe@pec.sgmdistribuzione.it,10
2506,"UNIONE ITALIANA DEL LAVORO- UIL",,NULL,NULL,,"VIA LUCULLO,6
00187 ROMA (RM)",0647531,NULL,organizzazione@pecert.uil.it,organizzazione@pecert.uil.it,1
2507,"UNIVERSITA' AGRARIA CIVITAVECCHIA",,NULL,NULL,,,,NULL,AGRARIACIVITAVECCHIA@PEC.IT,AGRARIACIVITAVECCHIA@PEC.IT,10
2508,"UNO S.R.L.",,NULL,NULL,,"VIA ANTONIO BOSIO
00161 ROMA RM",,NULL,unosrl11@legalmail.it,unosrl11@legalmail.it,10
2509,"URBE VIGILANZA S.P.A.",,Roma,Roma,00155,"VIA ANDREA NOALE",,,,COSMOPOLSECURITY@PEC.COSMOPOLSECURITY.IT,17
2510,"URBE VIGILANZA S.P.A. (FIDUCIARI)",,Roma,Roma,00155,"VIA ANDREA NOALE",,,,COSMOPOLSECURITY@PEC.COSMOPOLSECURITY.IT,15
2511,URTISTI,,Roma,Roma,,,,,,,1
2512,"VALE S.R.L.",,NULL,NULL,,,,NULL,VALE1SRL@LEGALMAIL.IT,VALE1SRL@LEGALMAIL.IT,10
2513,"VALENTINO S.P.A.",,Milano,Milano,,"VIA TURATI, 16",,,VALENTINOSPA@CERT.VALENTINO.COM,VALENTINOSPA@CERT.VALENTINO.COM,10
2514,"VALUES ON S.R.L.",,NULL,NULL,,"VIA FRANCESCO GENTILE 135
00173 ROMA RM",,NULL,claudio.castagna@pec.valueson.it,claudio.castagna@pec.valueson.it,10
2515,"VARP SRL",,NULL,NULL,,"LUNGOMARE PAOLO TOSCANELLI 
OSTIA 00122 ROMA",,NULL,VARPSRL@PEC.IT,VARPSRL@PEC.IT,16
2516,"VELLETRI SERVIZI S.P.A.",,NULL,NULL,,"Via dei Volsci, 57 
00049  Velletri (RM)",069631533,NULL,velletriservizi@legalmail.it,velletriservizi@legalmail.it,11
2517,"VELOX SERVIZI S.R.L.",,NULL,NULL,,"V.LE DEL LAVORO 33 VERONA VR",,NULL,VELOXSERVIZI@REGISTERPEC.IT,VELOXSERVIZI@REGISTERPEC.IT,8
2518,"VENERE S.R.L.",,NULL,NULL,,"VIA DEI SAMPIERI 92
00148 ROMA RM",,NULL,VENERE@PECPVS.IT,VENERE@PECPVS.IT,10
2519,"VERATOUR S.P.A.",,NULL,NULL,,,,NULL,PERSONALE@PEC.VERATOUR.IT,PERSONALE@PEC.VERATOUR.IT,10
2520,"VERISURE ITALY S.R.L.",,NULL,NULL,,"Viale dell'umanesimo 36A
Roma (RM)",,NULL,verisure@legalmail.it,verisure@legalmail.it,17
2521,"VIASKY S.R.L.",,NULL,NULL,,"VIA BARBERINI 29
00187 ROMA (RM)",,NULL,POSTACERT@PEC.VIASKY.IT,POSTACERT@PEC.VIASKY.IT,10
2522,"VIRGIN ACTIVE ITALIA SPA",,NULL,NULL,,,,NULL,VIRGINACTIVE@POSTECERT.IT,VIRGINACTIVE@POSTECERT.IT,10
2523,"VIVENDA  SPA",,NULL,NULL,,"Via Francesco Antolisei, 25 00173 Roma (RM)",,NULL,vivendaspa@pec.it,vivendaspa@pec.it,13
2524,"WELFARE S.R.L.",,NULL,NULL,,"C.SO TRIESTE 27   00198 ROMA RM",,,,WELFARESRL@PEC.IT,16
2525,"WESTERN UNION RETAIL SERVICES ITALY  SRL",,NULL,NULL,,"VIA VIRGILIO MOROSO, 50
00146 ROMA (RM)",,NULL,WURSISRL@LEGALMAIL.IT,WURSISRL@LEGALMAIL.IT,1
2526,"WEX EUROPE SERVICES S.r.l.",,NULL,NULL,,"VIA CARLO VENEZIANI, 58
00148 ROMA(RM)",,NULL,wexeuropeservices@legalmail.it,wexeuropeservices@legalmail.it,10
2527,"YAZZYCAMBEN SRL",,NULL,NULL,,,,NULL,yazzycamben1@legalmail.it,yazzycamben1@legalmail.it,16
2528,"YES HOTEL S.R.L.",,NULL,NULL,,,,NULL,YESHOTELSRL@PEC.IT,YESHOTELSRL@PEC.IT,8
2529,"YOUR SALES S.R.L.",,NULL,NULL,,"VIALE DEL CAMPO BOARIO 56/D  00154 ROMA RM",,NULL,YOURSALES@PEC.IT,YOURSALES@PEC.IT,10
2530,"ZENITH SERVICES GROUP S.P.A.",,Milano,Milano,,"VIA TORINO,2MILANO  (MI)",,,,zenithservicesgroupspa@pec.it,8
2531,"ZENZERO SOC.COOP.",,NULL,NULL,,"C.SO ITALIA 152     000012  GUIDONIA RM",,NULL,ZENZEROCOOP@PEC.IT,ZENZEROCOOP@PEC.IT,16
2532,"ZEROCENTO SPA",,NULL,NULL,,"VIA SILICELLA, 11
00169 ROMA (RM)",,NULL,zerocentospa@pec.it,zerocentospa@pec.it,1
2533,"ZETA SRL",,NULL,NULL,,"Via Guglielmo Marconi 2
Colleferro (RM)",,NULL,zeta@mymail-pec.it,zeta@mymail-pec.it,10
2534,"ZEXAR S.R.L.",,Roma,Roma,,,,,zexarsrl@legalmail.it,zexarsrl@legalmail.it,1
2535,"EFFEDUEGI GROUP SRL",,Roma,Roma,00193,"VIA VITTORIO COLONNA 32 ",0686766621,,,EFFEDUEGIGROUPSRLS@LEGALMAIL.IT,16
2536,"LAURA IANNUZZI SRL",,Roma,Roma,,"VIA SALARIA 1319",068888234,,,LAURAIANNUZZISRL@PEC.IT,8
2537,"SUPERMERCATO 1 S.R.L.",,NULL,Roma,,,,,"CONAD ANAGNINA",SUPERMERCATOUNOSRL@LEGALMAIL.IT,1
2538,"METROSERVICE S.P.A.",,Roma,Roma,00195,"CIRCONVALLAZIONE CLODIA 163/167 ",,,,structura@pec.olimontel.it,15
2539,"ESARDEA SRL",,Ardea,Roma,,"VIALE SAN LORENZO 60",,,,ESARDEA@PEC.IT,1
2540,"P.G.MELANIE KLEIN COOPERATIVA",COOPERATIVA,Civitavecchia,Roma,00053,"VIA OSPEDALI SNC",,,,pgmelanieklein@cert-posta.it,18
2541,"ALLE FRATTE DI TRASTEVERE  DI MARIA MASSIMO",,Roma,Roma,,,,,,mariamassimo@pec.it,16
2542,"MY CHEF S.R.L. (RACCORDO)",,NULL,NULL,,,,,,MYCHEF@PEC.IT,16
2543,"CEF COOPERATIVE ESERCENTI FARMACIE",,Brescia,Brescia,25125,"VIA ACHILLE GRANDI 18",0302688011,,,CEFSCRL@PEC.CONFCOOPERATIVE.IT,11
2544,"SODEXO ITALIA SPA (MULTISERVIZI)",,Roma,Roma,,,,,,SODEXODIREZAMM@LEGALMAIL.IT,3
2545,"CREDIV DI DI VICO ENRICO & S.A.S.",,Alatri,Frosinone,,"VIA ROMA 35",,,,CREDIV@PEC.AGRITEL.IT,16
2546,"IMPRESERVICE SOC.COOP.",,NULL,NULL,,,,,,IMPRESERVICE@DIELLEPEC.IT,8
2547,"A.G.A. SOC.COOP",,Civitavecchia,Roma,,,,,,aga.soc.coop@pec.it,18
2548,"LA SERVICE SRL",,Roma,Roma,,,,,,DIREZIONE@PEC.LASERVICE-GS.IT,15
2549,"O.A.M. ",,Roma,Roma,00185,"VIA GALILEI 3",,,,PERSONALE@PEC.ORGANISMO-AM.IT,10
2550,"AURORA SERVIZI SRLS",,NULL,NULL,,,,,,AURORA.SERVIZI.SRLS@PEC.IT,3
2551,"SPIN SRL",CIVITAVECCHIA,NULL,NULL,,,,,,SPINSRL@PECIMPRESE.IT,1
2552,"CLAIRE'S ITALY SRL",,NULL,NULL,,,,,,CLAIRESITALYSRL@LEGALMAIL.IT,1
2553,"ROYAL BLU TRAVEL SOC.COOP.ARL",,NULL,NULL,,,,,,ROYALBLUTRAVEL@LEGALMAIL.IT,18
2554,"GLOBAL SERVICE SRL",,Roma,Roma,,,,,,globalserviceitalia@gigapec.it,8
2555,"ITALREST S.R.L.",,Roma,Roma,,"VIA ODERISI DA GUBBIO 266",,,,italrestsrl@open.legalmail.it,13
2556,"B.S.F. SRL",,NULL,NULL,,,,,,AMMINISTRAZIONE@PEC.BSFSRL.IT,3
2557,"ELSI STORE SRL",,Roma,Roma,,,,,,ELSISTORE@PECPVS.IT,10
2559,"JD SPORTS FASHION SRL",,Roma,Roma,,,,,,JDSPORTSFASHIONSRL@LEGALMAIL.IT,1
2560,"FARMA ACQUISITION SRL",,Lavagna,Genova,16033,"VIA MOGGIA 75/A",065190500,,,FARMAACQUISITION@LEGALMAIL.IT,11
2561,"TAKKO FASHION ITALIA SRL",,NULL,Frosinone,,,,,,TAKKO.ITALIA@LEGALMAIL.IT,10
2562,"AGESCI - ASS.NE GUIDE E SCOUTS CATTOLICI ITALIANI",,Roma,Roma,,,06681661,,,AGESCI_NAZIONALE@PEC.AGESCI.IT,10
2563,"ALESSANDERX S.P.A.",,Prato,Prato,59100,"VIA S.LEONARDO DA PORTO MAURIZIO",057451011,,,alessanderx@pec.uipservizi.it,10
2564,"HOTEL EVOLUTION SRL",,NULL,NULL,,,,,,Hotelevolution@pec.hotelevolutionsrl.com,8
2565,"SEL SRLS","MEDAGLIE D ORO",NULL,NULL,,,,,,SEL-SRLS@LEGALMAIL.IT,10
2566,"GREEN ISLAND SRL",,NULL,NULL,,,,,,GREEN-ISLAND@PEC.IT,16
2567,"EUROPOLICE SRL",,NULL,NULL,,,,,,EUROPOLICE@PEC.IMPRESECATANIA.IT,17
2568,"MORESCHI S.P.A.",,Vigevano,Pavia,27029,"VIA CARAROLA 59",,,,MORESCHI@LEGALMAIL.IT,10
2569,"STAY OVER S.R.L.",,Villorba,Treviso,"31020 ","Via Antonio Pacinotti 1/B","+39 0422 918098",,,INFO@PEC.STAYOVER.IT,8
2570,"BINGO RITZ SOMALIA SRL",,Siracusa,Siracusa,,"PIAZZA ADDA 9",,,,BINGORITZSOMALIA@PEC.IT,16
2571,"Remote Italia S.r.l.",,Roma,Roma,00195,"Via Antonio Baiamonti 10",,08824611001,,remote.italia@pec.it,1
2572,"JOB SOLUTION SOC.COOP.",,Viterbo,Viterbo,01100,"VIA FRIULI41",0761226667,,,jobsolution@arubapec.it,18
2573,"PASTIFICIO RANA S.P.A.",,"San Giovanni Lupatoto",Verona,37057,"VIA PACINOTTI 25",0452527311,,,AMMINISTRAZIONE@PEC.RANA.IT,10
2575,"RDC DI DE CASTRIS RINALDO",,Roma,Roma,00187,"VIA VITTORIO VENETO 22",,,,rdcdirinaldodecastris@arubapec.it,10
2576,"UNIAT APS NAZIONALE",,Roma,Roma,00185,"VIA CASTELFIDARDO 43",0697606677,,,uniat.aps@pec.it,10
2577,"T-BONE SRL",,Roma,Roma,00193,"VIA CASSIODORO 1/A ",," 04846131003",,t-bone@legalmail.it,16
2579,"FAST EAT ITALY SRL",,Monfalcone,Gorizia,34074,"VIA C.COLOMBO 6",,,,fast.eat.italy@pec.it,16
2580,"F.P. VIGILANZA ITALIA SRL",,Roma,Roma,,"VIA NOMENTANA 761",,,,FPVIGILANZAITALIA@PEC.IT,17
2581,"PRESTIGE SRL (SERV.FIDUCIARI)",,Roma,Roma,,,,,,PRESTIGESRL@GIGAPEC.IT,15
2582,"SECURITY LAB SRLS",,Roma,Roma,00143,"VIA LAURENTINA 203",,,,SECURITYSRLS@PECIMPRESE.IT,15
2583,"LEROY MERLIN ITALIA SRL",,Rozzano,Milano,,"Strada 8 Palazzo N",,,,inbox@pec.leroymerlin.it,12
2584,"FONDO PERSEO SIRIO",,Roma,Roma,00196,"VIA DEGLI SCIALOJA 3",,,,protocollo@pec.perseosirio.it,10
2585,"__UILTUCS ROMA E LAZIO__",,Roma,Roma,00184,"Via Cavour, 147",,,,segreteria@pec.uiltucsromaelazio.it,3
2586,"LELO S.A.S. DI MATTEO TERRIZZI & C.",,Civitavecchia,Roma,00053,"VIA G.MANZI 5",0761326194,,,lelosas@legalmail.it,10
2587,"VERUX SECURITY SRL",,Roma,Roma,00169,"VIA ROBERTO FANCELLI, 177",067233614,,,veruxsecurity@pec.it,17
2588,"JACADI ITALY SRL",,Bologna,Bologna,,"VIA SAN VITALE 23",,,,jacadiitalysrl@pec.it,10
2589,"FINTEX S.R.L.",,Modena,Modena,41124,"VIA RAINUSSO, 144",,03000610364,,FINTEX@LEGALMAIL.IT,10
2590,"H&M Hennes & Mauritz srl",,Milano,Milano,2021,"VIA TURATI,9",,,,HM_MILANO@PEC.IT,1
2591,"E.N.P.A.F. - ENTE NAZIONALE DI PREVIDENZA E DI ASSISTENZA FARMACISTI",,Roma,Roma,00144,"VIALE PASTEUR, 49",0654711,80039550589,,posta@pec.enpaf.com,10
2592,"BRICOFER SERVIZI SRL",,Roma,Roma,,"Via Antrosano 3",,,,bricoferservizi@legalmail.it,10
2593,"GESTIONE ORIZZONTI S.R.L.",,Monteroduni,Isernia,,"S.S. 85 KM 33 SNC",,,,gestioneorizzontisrl@legalmail.it,13
2594,"A.P.R.E. - AGENZIA PER LA PROMOZIONE DELLA RICERCA EUROPEA",,Roma,Roma,,"Via Cavour 71",,,,apre@pec.net,10
2595,"LUCKY S.R.L.",,Roma,Roma,00186,"Via dei Baullari 147",,,,luckysrl2013@pec.it,16
2596,"CLUB MEDICI ITALIA SRL",,Roma,Roma,,"VIA BOEZIO 2 A",,,,clubmedicifm@pec.it,10
2597,"TIGER ITALY 2 SRL",,Torino,Torino,10138,"Via Villar Focchiardo 5",,,,,10
2598,"RIVARENO S.P.A.",,Milano,Milano,,,,,,NICOLAGRECO@PEC.IT,16
2599,"DOMUS SIDERIS MANAGEMENT SRL",,Milano,Milano,20122,"CORSO VITTORIO EMANUELE II 37/B",,,,domussiderismanagementsrl@pec.it,8
2600,"RENT MAX S.P.A.",,Roma,Roma,,"VIA CRISTOFORO COLOMBO 112",,,,rentmax@pec.it,10
2601,"FARMACIA RIACE S.R.L.",,Roma,Roma,00178,"VIA ANAGNINA 470",,,,FARMACIARIACESRL@PECIMPRESE.IT,11
2602,"FARMACIA MOSTACCI SNC DEL DR. FRANCO MOSTACCI & C.",,Roma,Roma,,"VIALE AVENTINO 78/C",,,,farmaciamostaccisnc@pec.poste.it,11
2603,"VIGILANZA UMBRA MONDIALPOL S.P.A.",,Corciano,Perugia,06073,"VIA BELLINI 20/22",0755170000,,,protocollo@pec.vigilanzaumbra.it,1
2604,"G.S.N. GESTIONE SICUREZZA NUGNES S.R.L.",,Napoli,Napoli,,"VIA RIGOLETTO 15",,,,gsn_gestionesicurezzanugnes@pec.it,15
2605,"BAR SANT'E' DI LA MACCHIA SANTA",,Roma,Roma,00199,"VIA ACHERUSIO 21",,,,sante@arubapec.it,16
2606,"ATAS 21 S.R.L.",,Roma,Roma,00187,"VIA SARDEGNA 22",0689413454,,,ATAS21.SRL@LEGALMAIL.IT,10
2607,"FINLIBRI S.R.L.",,Milano,Milano,20154,"VIA MAURIZIO QUADRIO 17",,,,finlibrisrl@legalmail.it,1
2608,"ALEA S.R.L.",,Roma,Roma,00187,"VIA TOSCANA 10",,,,ALEASRL2024@PEC.IT,10
2609,"ETICA LAVORO SRL",,Roma,Roma,00187,"VIA SICILIA 160",,,,ETICALAVOROSRL@PEC.IT,10
2610,"PALESTRE ITALIANE SRL",,Bologna,Bologna,,"VIA LARGA 6",,,,palestreitalianesrl@pec.it,NULL
2611,"MAJESTIC PET'S S.R.L.",,Roma,Roma,,"VIA DELLA STAZIONE PRENESTINA 45/49",,,,MAJESTICSPET@LEGALMAIL.IT,10
2612,"CAFFE' TROMBETTA S.P.A.",,Pomezia,Roma,,"VIA DEI CASTELLI ROMANI 132",,,,caffetrombetta@pec.it,10
2613,"LA GIADA S.R.L.",,Roma,Roma,00166,"VIA CORNELIA 158",,,,lagiada@pecpvs.it,10
2614,"AUSGANG S.R.L.",,Roma,Roma,,"VIA GIUSEPPE MIRRI 35",,,,ausgang@legalmail.it,16
2615,"ADMIRAL GAMING NETWORK S.R.L. ",,Roma,Roma,,"VIA BENEDETTO CROCE 122-144",,,,segreteria@pec.admiralgn.it,10
2616,"FGEL S.R.L.",,Firenze,Firenze,50123,"PIAZZA STROZZI 1",055266041,06306070480,,fgel@legalmail.it,16
2618,"BRASIL GOMME S.R.L.",,Aprilia,Latina,00042,"VIA DEL COMMERCIO 20",3338634012,,,BRASILGOMME@PEC.IT,10
2619,"GOTTARDO S.P.A.",,Padova,Padova,,"GALLERIA SPAGNA 9",,,,gottardospa@legalmail.it,10
2620,"FAD FARMA S.R.L.",,Roma,Roma,00177,"V.LE G.B. VALENTE 190",06214901,,,fadfarmasrl@legalmail.it,10
2621,"C.S. SRL",,"Montoro Inferiore",Avellino,83025,"VIA RISORGIMENTO ",,,,c-s.srl@pec.it,10
2622,"SANIGEST SOC.CONSORTILE",,"Cava De' Tirreni",Salerno,83013,"VIA XXV LUGLIO 160",,,,SANIGESTSOCIETACONSORTILE@PEC.IT,3
2623,"LIDL SERVIZI IMMOBILIARI S.R.L.",,Arcole,Verona,,"VIA AUGUSTO RUFFO 36",,,,lsi_dg@legalmail.it,10
2624,"DATA VISION S.R.L.",,Pomezia,Roma,00071,"VIA DEI CASTELLI ROMANI 15",0691611111,,,DATAVISION@PEC.DATAVISIONSRL.COM,10
2625,"ANTICA FOCACCERIA S.R.L.",,"Reggio Nell'Emilia","Reggio E.",42124,"VIA ALFRED NOBEL 19",,,,AFSF@LEGALMAIL.IT,16
2626,"AMAZON CITY LOGISTICA S.R.L.",,Milano,Milano,,"Viale Monte Grappa 3/5",,,,amazoncitylogistica@legalmail.it,10
2627,"GE S.R.L.",,"Fiano Romano",Roma,00065,"VIA TIBERINA KM 19300",,,,gesrl2024@legalmail.it,10
2629,"DORECA STORE SRL",,Roma,Roma,00155,"VIA A.BERGAMINI 63 ",,02499880397,,DORECAEMILIAROMAGNA@LEGALMAIL.IT,10
2630,"NAPOLEONI MOTOFORNITURE SRL",,Roma,Roma,,,,,,napoleonimotoforniture@pec.it,10
2631,"UNIVAR SOLUTIONS S.P.A.",,Milano,Milano,,"VIA CALDERA 0021",,,,UNIVAR@LEGALMAIL.IT,10
2632,"SUPERMERCATO TRE S.R.L.",,Roma,Roma,,,,,,supermercatotre@legalmail.it,10
2633,"DUEZETA SRL",,"Fiano Romano",Roma,,"Via Tiberina Km19,300",,,"EX DOC BARRILLI",duezetasrl2024@legalmail.it,10
2634,"KSM SPA",,Palermo,Palermo,90143,"VIA FRA' GIOVANNI PANTALEO, 11",0916202500,,,ksmspa@pec.it,17
2635,"ALISTORE S.R.L.",,Roma,Roma,00128,"VIALE CADUTI DELLA RESISTENZA, 79",,17738421001,,alistore.srl@legalmail.it,1
2636,"CASA DEL TEMPO SOC.COOP. SOCIALE",,Roma,Roma,00173,"VIA MARIO BROGLIO 61",,,,COOPERATIVACASADELTEMPO@LEGALMAIL.IT,18
2637,"MONDOMOTO S.R.L.",,Milano,Milano,20123,"P.zzale Luigi Cadorna 2 ",3487987541,,,MONDOMOTO@PECDOTCOM.IT,10
2638,"ZV ITALIA S.R.L.",,Milano,Milano,20131,"VIA DEGLI ABRUZZI 94",,,,ZVITALIA@LEGALMAIL.IT,10
2639,"DOMLUC S.R.L.S.",,Roma,Roma,00196,"VIALE DEL VIGNOLA 105",3895420933,,,DOMLUC@PEC.IT,10
2640,"GLEMA SRL",,Frascati,Roma,00044,"via Domenico Seghetti, 24/26 ",,,,topsupermercati@pec.it,10
2641,"GMA SERVICES S.R.L.",,Roma,Roma,,"VIA NOMENTANA 261",,,,gmaservicessrls@legalmail.it,16
2642,"MARINA DI NETTUNO CIRCOLO NAUTICO S.P.A.",,Anzio,Roma,00048,"LUNGOMARE MATTEOTTI SNC ",069805404,,,marinadinettuno@legalmail.it,10
2643,"I-GEAM SERVIZI SRL",,Roma,Roma,,"Via Francesco Benaglia 13  ",,,,igeam@certemail.it,10
2644,"GRI.AM. SRL",,Roma,Roma,,"VIALE GIULIO CESARE",,,,griamsrl@legalmail.it,8
2645,"URBAN SECURITY INVESTIGATION ITALIA SRL",,Frosinone,Frosinone,,"VIA ARMANDO VONA 121",,,,usi@pec.urbansecurityitalia.it,17
2646,"CD - SERVIZI S.P.A.",,Roma,Roma,,"VIA DEL PARLAMENTO 2",,,,segreteria@pec.cd-servizi.it,13
2647,"VALORI S.P.A.",,Ariccia,Roma,00072,"VIA QUARTO NEGRONI 2",,,,valorispa@legalmail.it,10
2648,"AMBIENTE S.P.A.",,Carrara,"Massa Carrara",54033,"VIA FRASSINA 21 ",,,,ambientesc@messaggipec.it,18
2649,"ADECCO ITALIA S.P.A.",,Milano,Milano,,"VIA TOLMEZZO 15",,,,ADECCOITALIASPA@PEC.IT,10
2650,"AMANDA SRL",,Roma,Roma,,"VIA FIRENZE 12",,,,amanda2021@pec.it,8
2651,"COOP.SOC.NUOVA SAIR",,Roma,Roma,83,"VIA DEL TECNOPOLO",ROMA,ROMA,,nuovasair@legalmail.it,18
2652,"MANPOWER S.R.L.",,Milano,Milano,,"VIA GIOACCHINO ROSSINI 6/8",,,,aplmanpower@legalmail.it,10
2653,"IGES S.R.L.",,Roma,Roma,,"Via Tiberina Km. 19,300 Snc",,,,iges@actaliscertymail.it,10
2654,"A.R.P. FOOD & HOSPITALITY SRL",,Roma,Roma,,"VIALE PARIOLI 122",,,,arpfoodsrl@legalmail.it,16
2655,"KEPAL S.R.L.",,Roma,Roma,,,,,,kepal@legalmail.it,10
2656,"LIFE COLORS SRL",,Roma,Roma,,"VIALE PARIOLI 94 ",,,,lifecolorssrl@legpec.it,10
2657,"ICONSULTING S.P.A.",,Bologna,Bologna,,"Via Bazzanese 32/7 ",,,,iconsultingspa@legalmail.it,10
2658,"SOCIETY MODERNE FACILITY MANAGEMENT S.R.L.",,Roma,Roma,,"Via Alessio Baldovinetti 13",,,,societymodernefm@pec.it,3
2659,"GERMANA QUASI ESPERTA IN RIMODELLAMENTO CORPO",,Subiaco,Roma,,"VIA PAPA BRASCHI 14/16",,,,bellezzaebenessere2016@legalmail.it,10
2660,"SVILUPPO SUD S.R.L.",,Roma,Roma,00198,"VIA NIZZA 152",,,,SVILUPPOSUDSRL@LEGALMAIL.IT,10
2661,"SASA' S.R.L.",,Roma,Roma,00146,"VIALE GUGLIELMO MARCONI 138/A",,,,SASA.SRL@ARUBAPEC.IT,10
2662,"ASTRA SOC.COOP.",,Roma,Roma,00048,"VIA TRIESTE 80",,,,astrasoccoop@legal.email.it,18
2663,"HS SERVIZI S.R.L.",,Roma,Roma,,"Salita Di Castel Giubileo 151",,,,postacert@pec.hsservizi.net,15
2664,"HOTEL ASTRID S.R.L.",,Roma,Roma,,,,,,hotel.astrid.srl@legalmail.it,8
2665,"CENTRO SERVIZI S.R.L.",,Roma,Roma,,,,,,centroservizi.srl1@legalmail.it,10
2666,GIORNALAI,,Roma,Roma,,,,,,,10
2667,"100 ROMA MARKET S.R.L.",,Roma,Roma,,,,,,100romamarketsrl@legalmail.it,NULL
2668,"TIRSO FOOD S.R.L.",,Roma,Roma,,,,,,tirsofoodsrl@legalmail.it,10
2669,"PSG1 S.R.L.",,NULL,Roma,,,,,,psg1srl@legalmail.it,NULL
2670,"MAG S.R.L.",,Roma,Roma,,,,,,magsrl.2024@legalmail.it,10
2671,"CLM MARKET S.R.L.",,Roma,Roma,,,,,,clmmarket@pecpvs.it,10
2672,"CBC S.R.L.",,Roma,Roma,,,,,,cbcsrl2024@legalmail.it,10
2673,"ISTITUTO EVANGELICO BETANIA - EMMAUS",,"Fonte Nuova",Roma,,,,,,betania-emmaus@pec.it,18
2674,"SOLUTION SERVICE S.R.L.S.",,Roma,Roma,00121,"VIA DELLE BALEARI 228 ",,,,solutionservice2019srls@legalmail.it,10
2675,"QC TERME S.R.L.",,Milano,Milano,,"PIAZZA ADRIANO OLIVETTI 3",,,,qctermesrl@pcert.it,18
2676,"LAYLA 71 S.R.L.",,Roma,Roma,,,,,,layla71@legalmail.it,16
2677,"LVL SUPERMERCATI S.R.L.",,Roma,Roma,,,,,,lvlsupermercatisrl@pec.it,10
2678,"IGEAMED S.P.A.",,Roma,Roma,00153,"VIA FRANCESCO BENAGLIA 13",06669911,,,IGEAMED@PEC.IT,10
2679,"F.P. SERVIZI INTEGRATI S.R.L.",,Roma,Roma,00137,"Via Nomentana 761","06 697 6331",,,fpservizi.integrati@pec.it,15
2680,"IL TRIANGOLO S.P.A.",,Roma,Roma,00155,"Via Licoride 12/14",0666500436,,,iltriangolo@italypec.it,10
2681,"GIELLE DI GALANTUCCI LUIGI",,Altamura,Bari,70022,"VIA FERRI ROCCO, 32",0803118998,,,INFO@PEC.GIELLE.IT,15
2682,"FA.M.CO. SRL",,Corato,Bari,,"S.P. 231 Km. 32.700",,,,famcosrl@pec.it,18
2683,"FOODACA S.R.L.",,Roma,Roma,,"Viale Luigi Schiavonetti 282 ",,,,foodaca@pec.it,16
2684,"POPI POPI S.R.L.",,Roma,Roma,,"Via delle Fratte di Trastevere 45",,,,popipopisrl@pec.it,16
2685,"FIMMG SEZIONE PROVINCIALE DI ROMA",,Roma,Roma,00144,"Piazza Guglielmo Marconi 25",0690253000,,,FIMMGROMA@PEC.IT,10
2686,"LAZIOCREA S.P.A.",,Roma,Roma,,"Via Anagnina 203",,,,laziocrea@legalmail.it,10
2687,"DIADORA RETAIL S.R.L.",,"Caerano Di San Marco",Treviso,,"VIA MONTELLO 80",,,,diadoraretail@legalmail.it,10
2688,"SOCIETA' COOPERATIVA SOCIALE SANITARIA ARCOBALENO",,Colleferro,Roma,,"Largo Boccaccio 4",,,,arcobaleno@pec.cooparcobaleno.org,18
2689,"CONDOMINIO VIA G.RICCI 56 ",,Roma,Roma,,"VA G.RICCI 56",,,,,14
2690,"COA SOC.COOP.",,Roma,Roma,,"via Trieste 80",,,,coasocietacooperativa@legalmail.it,3
2691,"PWO LIMITED",,Roma,Roma,,,,,,pwo@legalmail.it,10
2692,"TERSA S.R.L.",,Roma,Roma,00137,"VIA DI CASAL BOCCONE, 98",0683960958,,,TERSA.SOC.RL@LEGALMAIL.IT,17
2693,"ANMIL - ASSOCIAZIONE NAZIONALE FRA LAVORATORI MUTILATI E INVALIDI DEL LAVORO - APS - ETS",,Roma,Roma,,"Via Adolfo Rava' 124",,,,direzione@pec.anmil.it,3
2694,"JOBBER S.R.L.",,Valmontone,Roma,00038,"Via Filippo Turati 25/A ",,,,jobbersrl@pec.it,8
2695,"MACSUN S.R.L.",,Roma,Roma,00178,"VIA ANDREA MILLEVOI 10",065159591,,,macsunsrl@legalmail.it,10
2696,"SILICONDEV CONSULTING S.R.L.",,Roma,Roma,00197,"VIALE BRUNO BUOZZI 64",065159591,,,silicondevconsulting@legalmail.it,10
2697,"LTM & PARTNERS S.R.L.",,Roma,Roma,00196,"VIA FLAMINIA 330",0687725482,,,ltmpartners@legalmail.it,10
2698,"AGRIFARMA S.P.A.",,Roma,Roma,,,,,,Info@pec.arcaplanet.net,10
2699,"PHILMARK INFORMATICA S.P.A.",,Roma,Roma,,"VIA TOLMINO 12",,,,philmarkspa@pec.it,10
2700,"KALYTE S.R.L.",,Roma,Roma,,"VIA TOLMINO 12",,,,kalyte@pec.it,10
2701,"GPS S.R.L.S. UNIPERSONALE",,Roma,Roma,00195,"Via Filippo Corridoni 23",,,,gps.roma@pec.it,16
2702,"DAIMLER TRUCK FINANCIAL SERVICES ITALIA S.P.A.",,Roma,Roma,,"Via Giulio Vincenzo Bona 110",,,,daimler-truck-fsi@legalmail.it,10
2703,"INTENT ERP S.R.L.",,Zagarolo,Roma,00039,"Viale Ungheria 89/91",,,,intenterp@legalmail.it,10
2704,"INTENT BUSINESS SOLUTION S.R.L.",,Zagarolo,Roma,00039,"Viale Ungheria 89/91",,,,intent.bs@legalmail.it,10
2705,"LUONGO SECURITY S.R.L. (OP.SICUREZZA)",,Roma,Roma,00168,"VIA DI TORREVECCHIA, 901",06.6148221,11481391008,,mail@pec.luongosecurity.com,15
2706,"FA.PO. S.R.L.",,Roma,Roma,,"Via Ottaviano Conte Di Palombara 32 ",,,,fapodiscount@legalmail.it,10
2707,"ANGUILLARA DIS S.R.L.",,"Fiano Romano",Roma,,"Via Tiberina Km19,300  ",,,,anguillaradis@legalmail.it,10
2708,"MAPELA S.R.L.",,Terracina,Latina,,"Via Pontina Km. 103,300 Snc",,,,mapelasrl@legalmail.it,10
2709,"MG SUPERMERCATI S.R.L.",,"Fiano Romano",Roma,,"Via Tiberina Km 19.300 Snc",,,,mgsupermercati@facilepec.com,10
2710,"TREVIGNANO DIS S.R.L.",,"Fiano Romano",Roma,,"Via Tiberina Km19,300",,,,trevignanodis@legalmail.it,10
2711,"ORS ITALIA S.R.L.",,Roma,Roma,,,,,,orsitalia@legalmail.it,NULL
2712,"CONDOMINIO P.ZZA ARULENO CELIO SABINO ",,Roma,Roma,00174,"P.ZZA ARULENO CELIO SABINO 66-67",,,,,14
2713,"FOUR F.M. S.R.L.",,Roma,Roma,,"VIA NETTUNENSE KM 3 SNC.",,,,fourfm@legalmail.it,10
2714,"PER OTTO S.R.L.",,Roma,Roma,,"VIA GUICCIARDINI 2",,,,perotto@pecpvs.it,10
2715,"IGEAM CONSULTING S.R.L.",,Roma,Roma,00153,"Via Francesco Benaglia 13",06669911,,,igeamconsulting@pec.it,10
2716,"BRUMS MILANO S.R.L.",,Milano,Milano,,"Via Carlo Freguglia 8/A ",,,,brumsmilanosrl@legalmail.it,10
2717,"MCE FINANCE S.P.A.",,Roma,Roma,00154,"Via Ostiense 131L",06684451,,,mcefinance@pec.it,10
2718,"IGEAM ACADEMY S.R.L.",,Roma,Roma,00153,"VIA FRANCESCO BENAGLIA 13",06669911,,,igeamacademy@certemail.it,10
2719,"GESTIONE SERVIZI INTEGRATI S.R.L.",,Roma,Roma,,"Via Girolamo Benzoni 45 ",,,,postagsi@pec.gestioneserviziintegrati.it,13
2720,"PORTOBELLO S.P.A.",,Roma,Roma,,,,,,portobellosrl@legalmail.it,10
2721,"PEGASO SECURITY S.P.A. (Servizi di Sicurezza)",,Rende,Cosenza,87036,"VIA FABIO ROSSI, 92",,08061680727,,PEGASOSECURITYSPA@PECIMPRESE.IT,15
2722,"VEDETTA 2 MONDIALPOL S.P.A. (0P.SICUREZZA)",,NULL,Como,22100,"Via Scalabrini 76",,,,,15
2723,"MACRI SRLS",,Nettuno,Roma,"00048 "," VIA VENEZIA 11 ",,15167201001,,macrisrls@sicurezzapostale.it,15
2724,"HEALTHCARE SERVICE REAL ESTATE S.R.L.",,Scafati,Salerno,84018,"VIA GIOVANNI XXIII 62",,,,healthcareservicere@legalmail.it,13
2725,"LA SCINTILLA SOCIALE SOC.COOP.",,"Genzano Di Roma",Roma,,"VIA SARDEGNA 3",,,,lascintillasociale@pec.it,18
2726,"ICE DATA SERVICES ITALY S.R.L.",,Roma,Roma,,"VIA CRISTOFORO COLOMBO 149",,,,ice.italy@legalmail.it,10
2727,"SOGESER S.R.L.",,Roma,Roma,,"Via Armando Armuzzi 6 ",,,,sogesersrl@legalmail.it,16
